fname,camera
img_b6f1854_manip.tif,Samsung-Galaxy-S4
img_91d52c6_manip.tif,Motorola-Droid-Maxx
img_dbd7579_manip.tif,LG-Nexus-5x
img_85926fe_unalt.tif,iPhone-4s
img_c568e1b_manip.tif,HTC-1-M7
img_564366f_unalt.tif,Motorola-X
img_d686a9b_unalt.tif,iPhone-6
img_9e3a964_manip.tif,Samsung-Galaxy-Note3
img_baaf8f3_unalt.tif,Samsung-Galaxy-Note3
img_4709497_manip.tif,Samsung-Galaxy-Note3
img_1073b1f_manip.tif,Motorola-Droid-Maxx
img_a27a7d2_unalt.tif,Motorola-Nexus-6
img_4d8d2e6_manip.tif,iPhone-4s
img_7cc5c1f_manip.tif,HTC-1-M7
img_2eb4469_manip.tif,HTC-1-M7
img_d2d1b95_unalt.tif,iPhone-6
img_1b2efcb_manip.tif,iPhone-4s
img_f0ee041_manip.tif,Samsung-Galaxy-S4
img_b64a022_unalt.tif,Motorola-Nexus-6
img_bb1ff2b_manip.tif,Samsung-Galaxy-S4
img_41f9fe5_manip.tif,iPhone-6
img_59f2013_unalt.tif,Motorola-Nexus-6
img_ff225ec_manip.tif,HTC-1-M7
img_30ee39a_manip.tif,Motorola-X
img_c738c5b_manip.tif,LG-Nexus-5x
img_f9c035d_manip.tif,Motorola-Droid-Maxx
img_3544f50_unalt.tif,iPhone-6
img_c8c379c_unalt.tif,HTC-1-M7
img_47ee979_manip.tif,Samsung-Galaxy-S4
img_732f407_manip.tif,Samsung-Galaxy-Note3
img_0ea63b1_unalt.tif,iPhone-6
img_9c10d2f_manip.tif,Sony-NEX-7
img_dea1856_manip.tif,Samsung-Galaxy-Note3
img_2e286be_unalt.tif,Samsung-Galaxy-Note3
img_d03f011_manip.tif,Samsung-Galaxy-S4
img_aeae387_manip.tif,Motorola-Droid-Maxx
img_ae8994c_manip.tif,HTC-1-M7
img_0da16b2_manip.tif,Samsung-Galaxy-Note3
img_4c59f26_unalt.tif,iPhone-4s
img_5a3fe3f_unalt.tif,iPhone-6
img_0034113_unalt.tif,Samsung-Galaxy-S4
img_9a81512_unalt.tif,Samsung-Galaxy-S4
img_1c72582_manip.tif,Motorola-Droid-Maxx
img_a730c21_unalt.tif,Samsung-Galaxy-S4
img_b5b1d11_unalt.tif,Motorola-X
img_871046f_unalt.tif,Samsung-Galaxy-Note3
img_35c1ff3_manip.tif,HTC-1-M7
img_fdbb976_manip.tif,Samsung-Galaxy-Note3
img_d6a1fa4_manip.tif,HTC-1-M7
img_c803315_unalt.tif,Motorola-Droid-Maxx
img_92f04e6_manip.tif,Motorola-Droid-Maxx
img_02c212b_manip.tif,Motorola-Nexus-6
img_82d9442_manip.tif,iPhone-4s
img_ce45bc6_unalt.tif,iPhone-4s
img_e0cd131_unalt.tif,HTC-1-M7
img_aea6247_manip.tif,Motorola-X
img_2830fe6_manip.tif,Motorola-X
img_f052e3d_manip.tif,Samsung-Galaxy-S4
img_1c743ca_unalt.tif,iPhone-4s
img_e47fa80_manip.tif,HTC-1-M7
img_8408e35_unalt.tif,Samsung-Galaxy-S4
img_9b45820_manip.tif,Samsung-Galaxy-Note3
img_363b8c2_unalt.tif,HTC-1-M7
img_3625577_manip.tif,Motorola-Nexus-6
img_d49253d_unalt.tif,Samsung-Galaxy-Note3
img_8fe8211_unalt.tif,Samsung-Galaxy-Note3
img_5f5d112_manip.tif,HTC-1-M7
img_fb5ecac_unalt.tif,HTC-1-M7
img_f5652a7_manip.tif,Motorola-X
img_0fe1455_manip.tif,Motorola-Droid-Maxx
img_5accc28_manip.tif,Motorola-Droid-Maxx
img_90a6d3d_unalt.tif,Samsung-Galaxy-S4
img_85f50c0_manip.tif,LG-Nexus-5x
img_d9e5fe9_manip.tif,iPhone-4s
img_dfa3b55_unalt.tif,Samsung-Galaxy-Note3
img_5e95c85_unalt.tif,Motorola-X
img_06435c8_unalt.tif,Samsung-Galaxy-Note3
img_0875b1c_unalt.tif,iPhone-6
img_9ddfb99_manip.tif,LG-Nexus-5x
img_2182974_manip.tif,Samsung-Galaxy-S4
img_e10dae4_manip.tif,HTC-1-M7
img_a1b8f4a_manip.tif,Motorola-X
img_cbf8578_unalt.tif,iPhone-4s
img_33f8089_unalt.tif,iPhone-6
img_47485bf_unalt.tif,Samsung-Galaxy-Note3
img_86830c9_unalt.tif,Samsung-Galaxy-Note3
img_4606fed_unalt.tif,Samsung-Galaxy-S4
img_aa16ead_manip.tif,Samsung-Galaxy-Note3
img_476a6f2_manip.tif,Samsung-Galaxy-S4
img_b2fc8ee_unalt.tif,Samsung-Galaxy-S4
img_b0fb1b8_unalt.tif,Sony-NEX-7
img_809c0ad_unalt.tif,Samsung-Galaxy-Note3
img_234a539_unalt.tif,Samsung-Galaxy-Note3
img_3933c44_manip.tif,iPhone-4s
img_3b9baec_manip.tif,iPhone-4s
img_467a3e0_manip.tif,iPhone-4s
img_faf5cf6_unalt.tif,Motorola-Nexus-6
img_ea59c15_manip.tif,iPhone-4s
img_e24f52d_unalt.tif,Samsung-Galaxy-Note3
img_9ed6293_unalt.tif,LG-Nexus-5x
img_f076407_manip.tif,Motorola-Nexus-6
img_6512040_unalt.tif,iPhone-4s
img_4c7461d_manip.tif,Samsung-Galaxy-Note3
img_602aa73_manip.tif,iPhone-4s
img_dc038e2_manip.tif,Sony-NEX-7
img_4e10a99_manip.tif,Samsung-Galaxy-S4
img_7541dd1_unalt.tif,iPhone-6
img_0add779_unalt.tif,Motorola-Droid-Maxx
img_900b00f_unalt.tif,iPhone-6
img_5898227_unalt.tif,iPhone-4s
img_553cee6_manip.tif,Motorola-Nexus-6
img_e55c866_unalt.tif,Motorola-Droid-Maxx
img_f9c2688_manip.tif,LG-Nexus-5x
img_9d9b5a6_unalt.tif,Samsung-Galaxy-Note3
img_510d5b7_unalt.tif,Samsung-Galaxy-S4
img_fc7263b_unalt.tif,iPhone-6
img_6673921_unalt.tif,Samsung-Galaxy-S4
img_4496408_unalt.tif,Samsung-Galaxy-Note3
img_b9b8889_manip.tif,iPhone-4s
img_2e8aa67_manip.tif,Motorola-Droid-Maxx
img_c1bf475_unalt.tif,Samsung-Galaxy-S4
img_8bda34b_manip.tif,iPhone-6
img_74d8fe4_unalt.tif,HTC-1-M7
img_a75c815_unalt.tif,Samsung-Galaxy-S4
img_44c7044_unalt.tif,iPhone-4s
img_2c5d37f_unalt.tif,Motorola-Droid-Maxx
img_c802110_unalt.tif,Samsung-Galaxy-Note3
img_cb72955_unalt.tif,Motorola-Nexus-6
img_011d3a0_manip.tif,Samsung-Galaxy-S4
img_c330a00_manip.tif,iPhone-6
img_1c2559f_unalt.tif,Motorola-Droid-Maxx
img_3b7a8b3_unalt.tif,Samsung-Galaxy-Note3
img_6a9cfae_unalt.tif,Motorola-Droid-Maxx
img_f2b9803_unalt.tif,iPhone-4s
img_c3aaac5_unalt.tif,HTC-1-M7
img_86a67fd_unalt.tif,Samsung-Galaxy-Note3
img_e2eab15_manip.tif,iPhone-4s
img_3405b8c_manip.tif,Motorola-Droid-Maxx
img_c514493_manip.tif,Motorola-Droid-Maxx
img_5005371_manip.tif,Motorola-X
img_d9a6573_unalt.tif,HTC-1-M7
img_a6b1c89_unalt.tif,Motorola-X
img_7764487_manip.tif,HTC-1-M7
img_19e929e_unalt.tif,Samsung-Galaxy-Note3
img_17e9abb_unalt.tif,Samsung-Galaxy-Note3
img_a95460a_unalt.tif,Samsung-Galaxy-Note3
img_46ef8db_manip.tif,iPhone-4s
img_a40ff5d_manip.tif,Motorola-Droid-Maxx
img_2173613_manip.tif,HTC-1-M7
img_e0d482e_manip.tif,Samsung-Galaxy-S4
img_bb8aa95_unalt.tif,iPhone-4s
img_19bb1cc_unalt.tif,Samsung-Galaxy-Note3
img_4afb001_unalt.tif,iPhone-4s
img_2244eb5_unalt.tif,HTC-1-M7
img_d4ece46_unalt.tif,Samsung-Galaxy-S4
img_48cedd5_unalt.tif,LG-Nexus-5x
img_421031a_unalt.tif,HTC-1-M7
img_7dd1897_manip.tif,Samsung-Galaxy-S4
img_02f62d5_manip.tif,Samsung-Galaxy-S4
img_cd4d790_unalt.tif,HTC-1-M7
img_5dd9f6a_manip.tif,iPhone-6
img_9878d1e_manip.tif,Motorola-X
img_6b28aa9_manip.tif,Samsung-Galaxy-Note3
img_e5bbbd0_unalt.tif,HTC-1-M7
img_153cf03_manip.tif,Samsung-Galaxy-Note3
img_3177490_unalt.tif,Samsung-Galaxy-S4
img_aac6e43_manip.tif,iPhone-4s
img_8d94d4f_manip.tif,Samsung-Galaxy-S4
img_bb2a411_unalt.tif,iPhone-4s
img_89cf815_manip.tif,Motorola-Droid-Maxx
img_b65a701_unalt.tif,Motorola-Droid-Maxx
img_aa241d7_unalt.tif,Samsung-Galaxy-Note3
img_0486f84_manip.tif,Motorola-Droid-Maxx
img_95a960e_unalt.tif,Samsung-Galaxy-Note3
img_c124f2e_manip.tif,Motorola-Droid-Maxx
img_5e860ef_unalt.tif,Samsung-Galaxy-S4
img_f0e0033_manip.tif,Sony-NEX-7
img_11ffca0_manip.tif,Motorola-X
img_7b3f16b_manip.tif,Samsung-Galaxy-S4
img_6c63464_unalt.tif,Samsung-Galaxy-Note3
img_06a0a21_unalt.tif,Sony-NEX-7
img_54b1c14_unalt.tif,HTC-1-M7
img_d992917_unalt.tif,iPhone-4s
img_8a7a39c_manip.tif,iPhone-4s
img_ec1ace0_manip.tif,iPhone-6
img_735a44f_unalt.tif,iPhone-6
img_3ff1a84_manip.tif,Motorola-Nexus-6
img_d25c352_manip.tif,HTC-1-M7
img_0616e78_unalt.tif,Samsung-Galaxy-S4
img_8af484c_unalt.tif,Samsung-Galaxy-S4
img_6d11cad_unalt.tif,HTC-1-M7
img_4ca742b_unalt.tif,Samsung-Galaxy-Note3
img_37d319b_manip.tif,HTC-1-M7
img_2402756_manip.tif,Samsung-Galaxy-S4
img_4a81bc2_manip.tif,iPhone-4s
img_342adef_unalt.tif,Motorola-Nexus-6
img_f6bed29_manip.tif,Samsung-Galaxy-S4
img_4421e5a_unalt.tif,Motorola-X
img_bc950e0_manip.tif,Motorola-Droid-Maxx
img_305b357_manip.tif,Samsung-Galaxy-S4
img_f952aa4_manip.tif,Motorola-Nexus-6
img_d83ead5_manip.tif,Motorola-Nexus-6
img_edf5f78_manip.tif,iPhone-6
img_78a115a_manip.tif,HTC-1-M7
img_3342246_manip.tif,HTC-1-M7
img_5f477a4_unalt.tif,HTC-1-M7
img_fc5d735_manip.tif,iPhone-4s
img_5e7cea3_manip.tif,Motorola-Droid-Maxx
img_addee2d_manip.tif,HTC-1-M7
img_7536a8d_manip.tif,iPhone-6
img_360834d_manip.tif,LG-Nexus-5x
img_5ed9bfc_manip.tif,iPhone-6
img_2c61382_manip.tif,Samsung-Galaxy-Note3
img_32ef501_manip.tif,HTC-1-M7
img_b74b7d4_unalt.tif,HTC-1-M7
img_cfe17e9_manip.tif,Sony-NEX-7
img_8c2f3f7_unalt.tif,Motorola-Nexus-6
img_5d5c13d_unalt.tif,iPhone-6
img_9bb6d1f_manip.tif,Sony-NEX-7
img_6101a95_unalt.tif,Samsung-Galaxy-Note3
img_90196ff_manip.tif,HTC-1-M7
img_39d39a3_unalt.tif,Samsung-Galaxy-S4
img_168ba9c_unalt.tif,Samsung-Galaxy-Note3
img_824cf6c_manip.tif,Samsung-Galaxy-Note3
img_cc521bb_manip.tif,HTC-1-M7
img_f0785e9_manip.tif,Samsung-Galaxy-Note3
img_ab25529_unalt.tif,Motorola-X
img_f98706a_manip.tif,Samsung-Galaxy-Note3
img_ad0bc1b_manip.tif,Motorola-Droid-Maxx
img_241fff5_manip.tif,Sony-NEX-7
img_df54047_manip.tif,Samsung-Galaxy-S4
img_26f94f1_manip.tif,Samsung-Galaxy-Note3
img_3e961d7_manip.tif,Samsung-Galaxy-S4
img_a7912d1_manip.tif,iPhone-4s
img_c2a0c84_unalt.tif,iPhone-6
img_43b16e2_unalt.tif,Samsung-Galaxy-Note3
img_b497db4_manip.tif,Samsung-Galaxy-Note3
img_aa2859d_unalt.tif,HTC-1-M7
img_9e53455_manip.tif,Motorola-Droid-Maxx
img_a3b74b8_manip.tif,Samsung-Galaxy-Note3
img_8214951_unalt.tif,Motorola-X
img_04381dd_unalt.tif,Samsung-Galaxy-S4
img_d4b7ff1_manip.tif,Motorola-Nexus-6
img_4c59e8e_unalt.tif,iPhone-6
img_d27555d_unalt.tif,LG-Nexus-5x
img_9d484f3_manip.tif,HTC-1-M7
img_380dab3_manip.tif,Motorola-X
img_4249f91_manip.tif,Motorola-Nexus-6
img_ae7f889_manip.tif,Motorola-Droid-Maxx
img_54cfa22_unalt.tif,iPhone-6
img_7b75839_manip.tif,Sony-NEX-7
img_8fb50f2_unalt.tif,iPhone-6
img_206f5bd_manip.tif,LG-Nexus-5x
img_d4f05d8_manip.tif,Motorola-X
img_8c9816d_unalt.tif,Motorola-Droid-Maxx
img_bb250f2_unalt.tif,Samsung-Galaxy-Note3
img_15d5fdb_unalt.tif,HTC-1-M7
img_59c572a_unalt.tif,iPhone-4s
img_4248d73_unalt.tif,iPhone-4s
img_2b1d005_unalt.tif,iPhone-6
img_a7faca5_manip.tif,Motorola-Nexus-6
img_f5eb641_manip.tif,Samsung-Galaxy-Note3
img_1effab4_unalt.tif,iPhone-6
img_a9da818_manip.tif,LG-Nexus-5x
img_8f9b31e_manip.tif,Samsung-Galaxy-Note3
img_c81415b_manip.tif,Samsung-Galaxy-Note3
img_b25b81e_unalt.tif,iPhone-6
img_152b33c_manip.tif,Motorola-Droid-Maxx
img_24dca0c_manip.tif,Motorola-Droid-Maxx
img_4490884_unalt.tif,Samsung-Galaxy-Note3
img_75ba5e6_manip.tif,Motorola-Nexus-6
img_664c946_manip.tif,Motorola-Droid-Maxx
img_5af52e8_manip.tif,Samsung-Galaxy-S4
img_8b4f907_manip.tif,iPhone-4s
img_d68f1e8_unalt.tif,Motorola-Nexus-6
img_0c12a90_manip.tif,Samsung-Galaxy-S4
img_b91c99b_unalt.tif,Motorola-Droid-Maxx
img_61443d3_unalt.tif,Samsung-Galaxy-S4
img_2af527a_manip.tif,LG-Nexus-5x
img_32f3a65_manip.tif,iPhone-6
img_ba08775_manip.tif,Samsung-Galaxy-S4
img_1005bff_manip.tif,iPhone-4s
img_7a7574b_manip.tif,Motorola-Droid-Maxx
img_07dac13_unalt.tif,iPhone-6
img_c1362f8_manip.tif,iPhone-4s
img_762228b_manip.tif,Sony-NEX-7
img_5cd9d50_manip.tif,iPhone-4s
img_f9d4471_manip.tif,HTC-1-M7
img_ba346d8_unalt.tif,Samsung-Galaxy-Note3
img_c7b5958_manip.tif,Motorola-Droid-Maxx
img_4cf63e9_manip.tif,Motorola-X
img_96b8828_manip.tif,LG-Nexus-5x
img_c35eb02_unalt.tif,Samsung-Galaxy-S4
img_41b29b7_manip.tif,iPhone-4s
img_e46e997_unalt.tif,Motorola-Droid-Maxx
img_4dca6a5_manip.tif,LG-Nexus-5x
img_7df0629_manip.tif,Sony-NEX-7
img_f89b446_manip.tif,LG-Nexus-5x
img_fc80da2_unalt.tif,Motorola-Droid-Maxx
img_acce035_unalt.tif,Samsung-Galaxy-S4
img_790ceaf_manip.tif,Motorola-Droid-Maxx
img_c575824_manip.tif,Motorola-X
img_7535b80_manip.tif,Motorola-Nexus-6
img_d69aac9_manip.tif,Samsung-Galaxy-Note3
img_7f4c3fa_unalt.tif,HTC-1-M7
img_0359c73_manip.tif,Samsung-Galaxy-Note3
img_5fad61a_unalt.tif,Motorola-Droid-Maxx
img_f7d4304_unalt.tif,iPhone-4s
img_e65b2fc_manip.tif,HTC-1-M7
img_e055b37_unalt.tif,Motorola-X
img_bc69551_unalt.tif,HTC-1-M7
img_91d5d77_unalt.tif,Samsung-Galaxy-Note3
img_4f3f9d1_unalt.tif,Motorola-Nexus-6
img_470c023_unalt.tif,HTC-1-M7
img_e7cd739_unalt.tif,Samsung-Galaxy-Note3
img_c14aaae_manip.tif,iPhone-4s
img_1b7b0d0_manip.tif,Samsung-Galaxy-Note3
img_7b460cd_unalt.tif,LG-Nexus-5x
img_c944786_manip.tif,Motorola-Droid-Maxx
img_36b3a3a_unalt.tif,Motorola-X
img_d328da9_manip.tif,Motorola-Nexus-6
img_eeae949_unalt.tif,HTC-1-M7
img_faba998_manip.tif,Samsung-Galaxy-S4
img_e0bdae7_manip.tif,iPhone-4s
img_43c9cb0_manip.tif,HTC-1-M7
img_49fd2af_manip.tif,Samsung-Galaxy-Note3
img_21903dc_unalt.tif,LG-Nexus-5x
img_de8fcdf_unalt.tif,Samsung-Galaxy-Note3
img_d2bc55b_manip.tif,Motorola-X
img_50aca90_manip.tif,Motorola-Droid-Maxx
img_c744059_unalt.tif,iPhone-6
img_4ede096_manip.tif,LG-Nexus-5x
img_645b529_unalt.tif,Samsung-Galaxy-S4
img_1c20954_unalt.tif,HTC-1-M7
img_34cf395_manip.tif,Sony-NEX-7
img_68ccc86_manip.tif,iPhone-6
img_7ea9975_manip.tif,Motorola-Droid-Maxx
img_bf4f92b_unalt.tif,HTC-1-M7
img_0354baf_manip.tif,iPhone-4s
img_b54173b_manip.tif,LG-Nexus-5x
img_1e5ffae_manip.tif,LG-Nexus-5x
img_e529e0b_unalt.tif,Sony-NEX-7
img_d3581c2_unalt.tif,Samsung-Galaxy-Note3
img_f9a02ba_unalt.tif,Samsung-Galaxy-Note3
img_bdd0d6d_unalt.tif,Motorola-Droid-Maxx
img_9dcec92_manip.tif,iPhone-6
img_b29b3da_unalt.tif,Samsung-Galaxy-S4
img_ca9137c_manip.tif,Motorola-Nexus-6
img_23d97f1_manip.tif,HTC-1-M7
img_a26e934_manip.tif,Motorola-Nexus-6
img_409318c_unalt.tif,HTC-1-M7
img_8eec357_unalt.tif,Samsung-Galaxy-Note3
img_a07f0c2_unalt.tif,LG-Nexus-5x
img_fe682d1_unalt.tif,Samsung-Galaxy-Note3
img_74cd4e6_unalt.tif,HTC-1-M7
img_7338a30_manip.tif,iPhone-4s
img_993a3d3_manip.tif,Motorola-X
img_9e17047_manip.tif,Motorola-X
img_81d85fd_manip.tif,Motorola-X
img_d5cad73_unalt.tif,Sony-NEX-7
img_0d29390_manip.tif,HTC-1-M7
img_c7b42fd_unalt.tif,Motorola-Droid-Maxx
img_4c799e9_manip.tif,Motorola-Droid-Maxx
img_b0af979_manip.tif,Motorola-Droid-Maxx
img_20af8d5_unalt.tif,Motorola-Droid-Maxx
img_a1119f4_unalt.tif,LG-Nexus-5x
img_78852f7_manip.tif,HTC-1-M7
img_43bd209_unalt.tif,Motorola-X
img_a811f07_manip.tif,Motorola-Droid-Maxx
img_5e12a0f_unalt.tif,iPhone-4s
img_b45f5cd_manip.tif,Motorola-Nexus-6
img_e3cbc0e_manip.tif,iPhone-4s
img_931d8c9_unalt.tif,iPhone-4s
img_dcd027b_unalt.tif,Samsung-Galaxy-S4
img_26518a6_unalt.tif,HTC-1-M7
img_176f838_unalt.tif,Motorola-Nexus-6
img_9979b01_manip.tif,Samsung-Galaxy-S4
img_65b698c_manip.tif,Motorola-Droid-Maxx
img_65d4e62_unalt.tif,iPhone-6
img_f8dba15_unalt.tif,Samsung-Galaxy-S4
img_e0521b3_unalt.tif,HTC-1-M7
img_dc0b36b_manip.tif,LG-Nexus-5x
img_9ada486_manip.tif,Samsung-Galaxy-S4
img_4a7afdd_manip.tif,Motorola-X
img_7636305_manip.tif,Samsung-Galaxy-S4
img_803c69a_manip.tif,Sony-NEX-7
img_e64cb24_unalt.tif,iPhone-4s
img_87f8c13_manip.tif,Motorola-X
img_a0bdfcd_manip.tif,Motorola-Nexus-6
img_1c16729_unalt.tif,Samsung-Galaxy-Note3
img_98f5063_manip.tif,HTC-1-M7
img_90e2ff7_manip.tif,LG-Nexus-5x
img_1399a61_unalt.tif,Motorola-Nexus-6
img_a399a78_unalt.tif,iPhone-6
img_c96de83_manip.tif,Motorola-Nexus-6
img_32a59c3_unalt.tif,Motorola-Droid-Maxx
img_d65cc51_unalt.tif,Samsung-Galaxy-S4
img_6470813_unalt.tif,Samsung-Galaxy-Note3
img_ea8864a_manip.tif,Samsung-Galaxy-S4
img_44a777d_manip.tif,Sony-NEX-7
img_0513d3f_unalt.tif,HTC-1-M7
img_fc35c97_manip.tif,Samsung-Galaxy-S4
img_717c083_unalt.tif,HTC-1-M7
img_0432afe_unalt.tif,Motorola-Nexus-6
img_ae838ef_unalt.tif,LG-Nexus-5x
img_023b9c2_manip.tif,Samsung-Galaxy-Note3
img_af8bad0_manip.tif,iPhone-6
img_5e308de_unalt.tif,iPhone-6
img_e232edd_unalt.tif,LG-Nexus-5x
img_3c491ec_manip.tif,HTC-1-M7
img_455c68a_unalt.tif,Motorola-Nexus-6
img_97e253b_manip.tif,LG-Nexus-5x
img_57ac7f2_unalt.tif,iPhone-4s
img_89cf403_manip.tif,iPhone-4s
img_ccc8067_manip.tif,HTC-1-M7
img_a77c122_manip.tif,HTC-1-M7
img_b864db3_unalt.tif,LG-Nexus-5x
img_ddf6295_manip.tif,LG-Nexus-5x
img_6ab6b9d_manip.tif,iPhone-4s
img_19c4d8b_unalt.tif,Sony-NEX-7
img_9e8b030_manip.tif,Motorola-Nexus-6
img_a54b97f_unalt.tif,Motorola-X
img_aff8cf2_unalt.tif,Motorola-Droid-Maxx
img_0bdc6ce_unalt.tif,Motorola-Nexus-6
img_f7be373_unalt.tif,Motorola-Droid-Maxx
img_3072f81_manip.tif,iPhone-6
img_3da587d_manip.tif,iPhone-6
img_d08048c_manip.tif,iPhone-4s
img_ab00101_manip.tif,iPhone-4s
img_32eed6c_unalt.tif,Samsung-Galaxy-Note3
img_82b9f2b_manip.tif,iPhone-4s
img_120115a_unalt.tif,iPhone-4s
img_f7a108f_manip.tif,LG-Nexus-5x
img_39a4b5f_manip.tif,Samsung-Galaxy-S4
img_dc22a3c_manip.tif,iPhone-4s
img_66c09c4_manip.tif,Sony-NEX-7
img_1c80b72_manip.tif,iPhone-4s
img_24b933f_unalt.tif,Motorola-X
img_699dd60_unalt.tif,Motorola-Droid-Maxx
img_595bfe0_manip.tif,Motorola-X
img_d4b7958_unalt.tif,iPhone-6
img_ce61bab_manip.tif,Samsung-Galaxy-Note3
img_33c76a6_manip.tif,HTC-1-M7
img_6a2d5cc_manip.tif,iPhone-4s
img_9547920_manip.tif,Motorola-Droid-Maxx
img_414a7ae_unalt.tif,Motorola-X
img_a02b647_unalt.tif,iPhone-4s
img_429a42f_manip.tif,Motorola-Droid-Maxx
img_80adf5f_manip.tif,Motorola-Droid-Maxx
img_26b6be2_unalt.tif,Samsung-Galaxy-S4
img_2346e0c_unalt.tif,Samsung-Galaxy-Note3
img_62eb5b8_unalt.tif,Samsung-Galaxy-S4
img_eac0494_unalt.tif,HTC-1-M7
img_42d9570_manip.tif,Samsung-Galaxy-S4
img_0002a04_manip.tif,Motorola-Droid-Maxx
img_54bf4df_manip.tif,LG-Nexus-5x
img_7896652_unalt.tif,LG-Nexus-5x
img_3c38525_unalt.tif,LG-Nexus-5x
img_9361da4_unalt.tif,iPhone-6
img_32f8526_unalt.tif,HTC-1-M7
img_551be7e_manip.tif,Motorola-X
img_6df37f2_unalt.tif,iPhone-4s
img_27194dd_manip.tif,Motorola-Droid-Maxx
img_db1d3ab_manip.tif,Samsung-Galaxy-Note3
img_4855385_unalt.tif,Sony-NEX-7
img_27ba2bb_unalt.tif,iPhone-6
img_71bd593_manip.tif,Motorola-X
img_f979bdf_unalt.tif,Samsung-Galaxy-Note3
img_ab97c0e_unalt.tif,iPhone-6
img_a5d3708_manip.tif,Samsung-Galaxy-Note3
img_136bf22_unalt.tif,Motorola-X
img_ee2c259_manip.tif,LG-Nexus-5x
img_6ad2507_manip.tif,Samsung-Galaxy-S4
img_384985e_manip.tif,Motorola-Droid-Maxx
img_c3cf6df_unalt.tif,Samsung-Galaxy-Note3
img_10b74bd_manip.tif,LG-Nexus-5x
img_83e73ba_manip.tif,HTC-1-M7
img_ac76ec7_unalt.tif,HTC-1-M7
img_b60e4fe_unalt.tif,LG-Nexus-5x
img_e2401dc_unalt.tif,Samsung-Galaxy-Note3
img_2753367_manip.tif,Motorola-X
img_73f5ad9_manip.tif,Motorola-Droid-Maxx
img_d3105ac_manip.tif,LG-Nexus-5x
img_d05de1c_unalt.tif,iPhone-6
img_f1888e4_unalt.tif,Samsung-Galaxy-Note3
img_40fd0eb_manip.tif,LG-Nexus-5x
img_2939ad8_manip.tif,Motorola-Nexus-6
img_47cb3f3_manip.tif,Motorola-Droid-Maxx
img_15e8df3_unalt.tif,Motorola-X
img_31d5743_manip.tif,Motorola-Droid-Maxx
img_a597174_manip.tif,LG-Nexus-5x
img_cc961af_manip.tif,Motorola-Droid-Maxx
img_2e4079e_manip.tif,LG-Nexus-5x
img_423548c_manip.tif,Samsung-Galaxy-Note3
img_c94755c_manip.tif,Motorola-Nexus-6
img_9891adf_manip.tif,HTC-1-M7
img_a02f8c2_manip.tif,iPhone-4s
img_ecd9a7e_manip.tif,iPhone-4s
img_84e76c1_manip.tif,Samsung-Galaxy-Note3
img_67e7f01_unalt.tif,Motorola-Nexus-6
img_ac21c4a_manip.tif,Samsung-Galaxy-S4
img_d4bb585_unalt.tif,LG-Nexus-5x
img_aef2915_manip.tif,Samsung-Galaxy-S4
img_a194a05_unalt.tif,Motorola-Droid-Maxx
img_71917ff_unalt.tif,Motorola-Droid-Maxx
img_382dc6e_unalt.tif,Samsung-Galaxy-Note3
img_ec17387_manip.tif,LG-Nexus-5x
img_2839a69_unalt.tif,Samsung-Galaxy-S4
img_2f45d76_unalt.tif,HTC-1-M7
img_a636b08_unalt.tif,iPhone-4s
img_c122386_manip.tif,LG-Nexus-5x
img_8016b81_manip.tif,Motorola-Nexus-6
img_3cb76bd_unalt.tif,Samsung-Galaxy-Note3
img_e8d619d_unalt.tif,HTC-1-M7
img_12473ab_unalt.tif,Samsung-Galaxy-S4
img_7de421f_unalt.tif,HTC-1-M7
img_640ca38_unalt.tif,Samsung-Galaxy-Note3
img_8f75e8d_manip.tif,Samsung-Galaxy-S4
img_77d7bd7_unalt.tif,HTC-1-M7
img_0480de3_unalt.tif,iPhone-6
img_fad2ca3_manip.tif,HTC-1-M7
img_560773f_unalt.tif,iPhone-6
img_b322ef4_manip.tif,LG-Nexus-5x
img_0ca750b_unalt.tif,iPhone-4s
img_fe2ff7d_manip.tif,Samsung-Galaxy-S4
img_7b2593b_unalt.tif,Samsung-Galaxy-S4
img_94030f9_unalt.tif,Samsung-Galaxy-S4
img_715c07a_unalt.tif,iPhone-6
img_b3d1b1b_unalt.tif,Motorola-X
img_25d5680_unalt.tif,iPhone-6
img_86c0230_unalt.tif,Sony-NEX-7
img_806f2a2_unalt.tif,HTC-1-M7
img_854ddc5_unalt.tif,Samsung-Galaxy-S4
img_4eb170f_manip.tif,LG-Nexus-5x
img_57a1782_manip.tif,Sony-NEX-7
img_b01b95d_unalt.tif,Samsung-Galaxy-S4
img_1c59671_manip.tif,Motorola-Droid-Maxx
img_8b8b4e7_manip.tif,Motorola-X
img_434bf52_manip.tif,HTC-1-M7
img_010d9d4_unalt.tif,Samsung-Galaxy-Note3
img_90b7f3f_unalt.tif,Motorola-Droid-Maxx
img_26ef277_manip.tif,Samsung-Galaxy-Note3
img_84ba43d_unalt.tif,Motorola-X
img_2af26d1_unalt.tif,LG-Nexus-5x
img_d5b3a0f_manip.tif,HTC-1-M7
img_9da176f_unalt.tif,HTC-1-M7
img_3a45457_manip.tif,iPhone-4s
img_9e942fb_manip.tif,iPhone-6
img_4e429ac_manip.tif,LG-Nexus-5x
img_6a20b13_manip.tif,Sony-NEX-7
img_993bf8f_unalt.tif,Samsung-Galaxy-S4
img_85d686b_manip.tif,Samsung-Galaxy-S4
img_831a719_manip.tif,Sony-NEX-7
img_9fd66f2_unalt.tif,LG-Nexus-5x
img_00c98af_manip.tif,Motorola-X
img_3729ae2_manip.tif,Samsung-Galaxy-S4
img_47229e1_unalt.tif,HTC-1-M7
img_06a4a46_unalt.tif,Samsung-Galaxy-Note3
img_f52c8a0_unalt.tif,iPhone-4s
img_8500968_manip.tif,iPhone-6
img_b508d5f_unalt.tif,HTC-1-M7
img_f790588_unalt.tif,Samsung-Galaxy-S4
img_99eb725_unalt.tif,Motorola-X
img_138b862_manip.tif,HTC-1-M7
img_a6eab07_unalt.tif,Motorola-Droid-Maxx
img_4a10c08_manip.tif,HTC-1-M7
img_080804b_unalt.tif,Motorola-X
img_730b69b_manip.tif,HTC-1-M7
img_1db9df3_unalt.tif,Samsung-Galaxy-Note3
img_2cdfd34_unalt.tif,Samsung-Galaxy-S4
img_e86b0ea_unalt.tif,HTC-1-M7
img_b71f3c2_manip.tif,HTC-1-M7
img_5e4e777_manip.tif,iPhone-6
img_ad2ce6f_manip.tif,Motorola-Nexus-6
img_c6839e4_manip.tif,HTC-1-M7
img_ee4cf51_manip.tif,Motorola-X
img_3a09f52_manip.tif,Motorola-Nexus-6
img_e16d9c1_unalt.tif,LG-Nexus-5x
img_ad161ee_unalt.tif,HTC-1-M7
img_08f9604_manip.tif,iPhone-4s
img_f8785db_unalt.tif,iPhone-4s
img_f92ea00_unalt.tif,iPhone-4s
img_bd30be8_unalt.tif,Samsung-Galaxy-Note3
img_4b45158_manip.tif,iPhone-6
img_e842025_unalt.tif,Samsung-Galaxy-Note3
img_c3e0701_manip.tif,Motorola-Droid-Maxx
img_8b6f4ee_manip.tif,Sony-NEX-7
img_da3a88c_unalt.tif,HTC-1-M7
img_3c6976b_manip.tif,Samsung-Galaxy-S4
img_a6f7a7d_unalt.tif,iPhone-4s
img_c134347_unalt.tif,HTC-1-M7
img_838457d_unalt.tif,Samsung-Galaxy-Note3
img_fdaaa1d_manip.tif,Samsung-Galaxy-S4
img_e0565d7_manip.tif,iPhone-4s
img_9330e0a_manip.tif,Motorola-Droid-Maxx
img_62d63cd_unalt.tif,Samsung-Galaxy-S4
img_9ca1330_manip.tif,Motorola-Droid-Maxx
img_1e124e2_manip.tif,LG-Nexus-5x
img_d9b5e90_unalt.tif,Motorola-Droid-Maxx
img_6613ba8_manip.tif,Motorola-Droid-Maxx
img_64be649_unalt.tif,iPhone-4s
img_416582c_unalt.tif,LG-Nexus-5x
img_021470b_unalt.tif,Sony-NEX-7
img_f9a19bf_manip.tif,iPhone-4s
img_22132f6_unalt.tif,iPhone-6
img_b36fdea_manip.tif,iPhone-6
img_f3c781b_manip.tif,Samsung-Galaxy-Note3
img_db9ca3c_unalt.tif,iPhone-4s
img_00e097a_manip.tif,LG-Nexus-5x
img_110ff97_unalt.tif,Sony-NEX-7
img_0561393_manip.tif,Motorola-X
img_81fd97e_unalt.tif,Samsung-Galaxy-S4
img_e9e752b_manip.tif,Motorola-Droid-Maxx
img_cd504fe_unalt.tif,Motorola-X
img_c000d4c_manip.tif,Samsung-Galaxy-Note3
img_e4f2312_unalt.tif,Samsung-Galaxy-S4
img_5d24f2c_unalt.tif,iPhone-6
img_1137239_manip.tif,Motorola-X
img_370d93b_unalt.tif,Samsung-Galaxy-Note3
img_f1d3f2c_manip.tif,Motorola-X
img_cc17539_manip.tif,iPhone-4s
img_0dac0af_unalt.tif,LG-Nexus-5x
img_eaf92df_manip.tif,Sony-NEX-7
img_8c9d2f2_manip.tif,iPhone-6
img_4dee55a_unalt.tif,Samsung-Galaxy-Note3
img_e8a3dff_unalt.tif,iPhone-4s
img_2077320_manip.tif,LG-Nexus-5x
img_113ace5_unalt.tif,Samsung-Galaxy-Note3
img_28dfa3c_manip.tif,HTC-1-M7
img_5b15e92_unalt.tif,Motorola-Nexus-6
img_bd3146b_manip.tif,iPhone-4s
img_18a2de4_unalt.tif,Samsung-Galaxy-Note3
img_18aeb9a_manip.tif,Motorola-Droid-Maxx
img_8a9dce9_manip.tif,Samsung-Galaxy-S4
img_e1246dd_manip.tif,Samsung-Galaxy-S4
img_34819ce_unalt.tif,LG-Nexus-5x
img_a4498de_manip.tif,Motorola-Droid-Maxx
img_23ef17b_manip.tif,Motorola-Droid-Maxx
img_7d612f3_unalt.tif,HTC-1-M7
img_b922ad2_unalt.tif,Motorola-Droid-Maxx
img_468c3a8_unalt.tif,Motorola-Nexus-6
img_f8bd5cc_unalt.tif,HTC-1-M7
img_a056817_manip.tif,Samsung-Galaxy-Note3
img_27ac937_manip.tif,Samsung-Galaxy-Note3
img_f536a56_manip.tif,iPhone-4s
img_ee058bd_unalt.tif,HTC-1-M7
img_959138c_unalt.tif,iPhone-6
img_efaeac7_manip.tif,LG-Nexus-5x
img_b9eb60e_unalt.tif,Motorola-Nexus-6
img_fec0781_unalt.tif,Motorola-X
img_14324a3_unalt.tif,Samsung-Galaxy-Note3
img_e08c17b_unalt.tif,Samsung-Galaxy-Note3
img_709e6d7_manip.tif,Sony-NEX-7
img_e6df9b5_manip.tif,iPhone-6
img_0456ffb_unalt.tif,Samsung-Galaxy-Note3
img_0517193_unalt.tif,iPhone-4s
img_e8793ce_manip.tif,LG-Nexus-5x
img_59c5d20_manip.tif,LG-Nexus-5x
img_cfd4ecc_unalt.tif,Motorola-X
img_6f87d1f_manip.tif,HTC-1-M7
img_2385ce6_unalt.tif,iPhone-4s
img_bfbea55_unalt.tif,LG-Nexus-5x
img_34298cb_manip.tif,Motorola-Droid-Maxx
img_2fce2c2_manip.tif,iPhone-6
img_65753f5_unalt.tif,Motorola-X
img_b65835d_unalt.tif,Motorola-Nexus-6
img_f39574d_unalt.tif,Samsung-Galaxy-Note3
img_97c44e9_unalt.tif,Motorola-Nexus-6
img_6f905c1_manip.tif,HTC-1-M7
img_777bd58_manip.tif,Sony-NEX-7
img_d3f7ad6_unalt.tif,Motorola-Droid-Maxx
img_5ce3ec1_unalt.tif,Motorola-Nexus-6
img_517786b_manip.tif,Samsung-Galaxy-Note3
img_a422956_unalt.tif,Sony-NEX-7
img_3489796_manip.tif,HTC-1-M7
img_6bc6372_unalt.tif,HTC-1-M7
img_48905c4_manip.tif,Samsung-Galaxy-S4
img_257a93b_unalt.tif,HTC-1-M7
img_e83c9d8_manip.tif,HTC-1-M7
img_9456390_manip.tif,HTC-1-M7
img_04801fb_unalt.tif,iPhone-4s
img_07001c5_unalt.tif,Motorola-X
img_29a5a95_manip.tif,iPhone-4s
img_d9cf667_unalt.tif,LG-Nexus-5x
img_52148a6_manip.tif,LG-Nexus-5x
img_bb4a7dc_unalt.tif,iPhone-4s
img_878ffc4_manip.tif,iPhone-6
img_0ba3d8f_unalt.tif,Samsung-Galaxy-Note3
img_7f87335_manip.tif,Motorola-X
img_d9c614b_manip.tif,Motorola-Droid-Maxx
img_695e2f4_manip.tif,Motorola-Droid-Maxx
img_a3a6525_unalt.tif,LG-Nexus-5x
img_ea89d45_manip.tif,Motorola-Droid-Maxx
img_807dd65_unalt.tif,Samsung-Galaxy-Note3
img_93646c4_unalt.tif,iPhone-6
img_6b1840d_unalt.tif,HTC-1-M7
img_35f7a2e_manip.tif,LG-Nexus-5x
img_d8df827_unalt.tif,iPhone-6
img_55ff359_manip.tif,Samsung-Galaxy-S4
img_325c7cc_unalt.tif,Motorola-Nexus-6
img_d83300a_manip.tif,iPhone-4s
img_2831fb5_unalt.tif,Motorola-Nexus-6
img_a7183bd_unalt.tif,Motorola-X
img_f051a55_unalt.tif,HTC-1-M7
img_d5e8d03_manip.tif,Samsung-Galaxy-S4
img_3e14223_manip.tif,Motorola-X
img_39b9a2f_unalt.tif,HTC-1-M7
img_8b5b475_unalt.tif,Samsung-Galaxy-S4
img_5aeeca9_unalt.tif,Samsung-Galaxy-S4
img_c381234_manip.tif,Motorola-Nexus-6
img_f75f191_manip.tif,iPhone-4s
img_0ff9244_manip.tif,HTC-1-M7
img_6564a1a_unalt.tif,HTC-1-M7
img_5d1b1f3_manip.tif,HTC-1-M7
img_1c1076f_unalt.tif,Motorola-Droid-Maxx
img_ab4241b_manip.tif,Sony-NEX-7
img_8a9d872_unalt.tif,HTC-1-M7
img_064c912_manip.tif,Motorola-X
img_9530795_unalt.tif,Samsung-Galaxy-S4
img_c12202d_manip.tif,Samsung-Galaxy-S4
img_f8b6a5e_manip.tif,iPhone-4s
img_71c2b55_manip.tif,Samsung-Galaxy-S4
img_a246a67_unalt.tif,Samsung-Galaxy-S4
img_b79051d_unalt.tif,Samsung-Galaxy-Note3
img_af6b08d_manip.tif,Sony-NEX-7
img_8bbf030_unalt.tif,Samsung-Galaxy-Note3
img_c0b8ce5_unalt.tif,Samsung-Galaxy-Note3
img_9ef5eba_manip.tif,Motorola-Droid-Maxx
img_ebd4a05_unalt.tif,Samsung-Galaxy-Note3
img_cf9627c_manip.tif,Motorola-Droid-Maxx
img_0f43170_unalt.tif,HTC-1-M7
img_0197115_manip.tif,Motorola-Droid-Maxx
img_b42e6b9_unalt.tif,Motorola-Droid-Maxx
img_c30b80d_unalt.tif,Samsung-Galaxy-S4
img_bf80b2d_unalt.tif,Motorola-Droid-Maxx
img_b398d41_manip.tif,Motorola-Nexus-6
img_d9e8278_manip.tif,iPhone-6
img_f388a9d_unalt.tif,iPhone-6
img_f99f01f_manip.tif,Samsung-Galaxy-Note3
img_c6554be_manip.tif,Motorola-Droid-Maxx
img_0519a00_manip.tif,Motorola-Droid-Maxx
img_fc8a246_unalt.tif,Motorola-Droid-Maxx
img_3272ed3_unalt.tif,iPhone-4s
img_950136c_unalt.tif,Samsung-Galaxy-S4
img_2c62696_unalt.tif,iPhone-4s
img_6260ad7_unalt.tif,Motorola-X
img_cef577b_unalt.tif,Motorola-Droid-Maxx
img_3414a83_unalt.tif,iPhone-4s
img_785e2c1_unalt.tif,Motorola-Nexus-6
img_e4ba607_manip.tif,Samsung-Galaxy-S4
img_5664106_manip.tif,Motorola-X
img_7e0f4cd_manip.tif,HTC-1-M7
img_48b00f9_manip.tif,HTC-1-M7
img_6e3ad79_manip.tif,Motorola-X
img_ad1f867_unalt.tif,Samsung-Galaxy-Note3
img_03c7c66_manip.tif,HTC-1-M7
img_2fd22df_unalt.tif,HTC-1-M7
img_0cba754_manip.tif,Motorola-X
img_2a4cb46_manip.tif,Samsung-Galaxy-Note3
img_36a0357_unalt.tif,Motorola-X
img_f044364_manip.tif,Motorola-Nexus-6
img_8353e8e_manip.tif,Samsung-Galaxy-S4
img_58be501_unalt.tif,Motorola-Nexus-6
img_2349ce7_unalt.tif,Samsung-Galaxy-Note3
img_1420620_unalt.tif,Samsung-Galaxy-S4
img_20c7c40_unalt.tif,HTC-1-M7
img_1860bde_manip.tif,LG-Nexus-5x
img_03bb7cf_manip.tif,LG-Nexus-5x
img_8b06202_manip.tif,HTC-1-M7
img_69ca4f3_unalt.tif,iPhone-6
img_c88c6a5_manip.tif,Motorola-Droid-Maxx
img_ba6e34f_unalt.tif,Motorola-Droid-Maxx
img_9c36cb2_manip.tif,iPhone-6
img_efa2a5e_unalt.tif,HTC-1-M7
img_2220c42_manip.tif,Motorola-Droid-Maxx
img_6cfec33_manip.tif,Motorola-Droid-Maxx
img_1e47422_unalt.tif,Samsung-Galaxy-Note3
img_543d9dd_unalt.tif,HTC-1-M7
img_6345cc6_manip.tif,Motorola-X
img_8b3a47f_manip.tif,Motorola-X
img_687e279_manip.tif,Sony-NEX-7
img_1ed8b92_manip.tif,iPhone-4s
img_a7b7211_manip.tif,Motorola-Nexus-6
img_edc778c_unalt.tif,iPhone-4s
img_bb333fe_unalt.tif,Samsung-Galaxy-Note3
img_95b66da_unalt.tif,Samsung-Galaxy-S4
img_0bdb428_unalt.tif,iPhone-4s
img_1a95b74_unalt.tif,iPhone-6
img_472c64b_unalt.tif,Samsung-Galaxy-S4
img_a453c9d_unalt.tif,Samsung-Galaxy-Note3
img_aae381d_manip.tif,Sony-NEX-7
img_a1e2161_manip.tif,Samsung-Galaxy-Note3
img_05c52d2_manip.tif,iPhone-6
img_eee5932_unalt.tif,Motorola-Droid-Maxx
img_2114dba_manip.tif,Motorola-Nexus-6
img_e0e2c63_unalt.tif,HTC-1-M7
img_008fb06_manip.tif,Motorola-Droid-Maxx
img_53bbd9f_unalt.tif,Samsung-Galaxy-S4
img_d5f1cdb_unalt.tif,Motorola-Nexus-6
img_fd7fd52_unalt.tif,Motorola-Nexus-6
img_8af5c06_manip.tif,Samsung-Galaxy-S4
img_75a3777_manip.tif,Motorola-Droid-Maxx
img_b56062b_manip.tif,Motorola-Nexus-6
img_7f4c19f_manip.tif,iPhone-6
img_7487183_manip.tif,iPhone-4s
img_d2641d0_unalt.tif,Motorola-X
img_628ec4e_unalt.tif,Motorola-Droid-Maxx
img_4a1f37a_manip.tif,Motorola-Nexus-6
img_f7b1502_manip.tif,Motorola-Droid-Maxx
img_b708a2e_unalt.tif,Motorola-Droid-Maxx
img_d369cd1_unalt.tif,iPhone-4s
img_5671232_unalt.tif,LG-Nexus-5x
img_2355a97_manip.tif,Motorola-Nexus-6
img_132c354_unalt.tif,Samsung-Galaxy-S4
img_dc2cbfa_unalt.tif,Sony-NEX-7
img_24df0f7_unalt.tif,Motorola-Nexus-6
img_3241d70_manip.tif,Sony-NEX-7
img_afe654b_manip.tif,LG-Nexus-5x
img_8fee0e1_unalt.tif,LG-Nexus-5x
img_c5b3071_manip.tif,Samsung-Galaxy-Note3
img_339fa1a_unalt.tif,Motorola-Nexus-6
img_6d0f87a_unalt.tif,HTC-1-M7
img_3b50407_unalt.tif,LG-Nexus-5x
img_7732523_manip.tif,Motorola-X
img_ee24fe4_unalt.tif,Samsung-Galaxy-Note3
img_d75010b_unalt.tif,Motorola-Nexus-6
img_bff0c88_unalt.tif,Samsung-Galaxy-Note3
img_ddcebbb_unalt.tif,Motorola-Droid-Maxx
img_b8367cd_manip.tif,Motorola-Nexus-6
img_67e563b_unalt.tif,Motorola-Droid-Maxx
img_cc08e4a_unalt.tif,Motorola-X
img_b303777_unalt.tif,Samsung-Galaxy-S4
img_1495c0f_manip.tif,iPhone-4s
img_68c25fd_unalt.tif,Samsung-Galaxy-Note3
img_64f2667_unalt.tif,HTC-1-M7
img_7daaf99_unalt.tif,iPhone-4s
img_c684bfd_unalt.tif,iPhone-6
img_73f951f_manip.tif,iPhone-6
img_68a45e9_manip.tif,Motorola-Droid-Maxx
img_66be54b_manip.tif,HTC-1-M7
img_c9622ba_unalt.tif,Samsung-Galaxy-Note3
img_65b8cc8_manip.tif,HTC-1-M7
img_3d7e180_manip.tif,iPhone-6
img_806ad37_manip.tif,Samsung-Galaxy-S4
img_f6b9240_unalt.tif,Samsung-Galaxy-Note3
img_2f484b2_manip.tif,iPhone-4s
img_a4e7fe6_unalt.tif,iPhone-6
img_548008b_manip.tif,Samsung-Galaxy-Note3
img_deb8d2e_unalt.tif,Motorola-Droid-Maxx
img_a380ee9_unalt.tif,iPhone-4s
img_e34978a_manip.tif,Samsung-Galaxy-S4
img_4ae4dc5_unalt.tif,HTC-1-M7
img_8e4d7f3_manip.tif,Motorola-Nexus-6
img_5990965_unalt.tif,HTC-1-M7
img_829fd95_unalt.tif,Motorola-Nexus-6
img_6dc9a13_manip.tif,iPhone-4s
img_9311ab5_manip.tif,Motorola-Nexus-6
img_3454c93_manip.tif,Motorola-Nexus-6
img_a0117a2_manip.tif,iPhone-4s
img_4bbcc86_manip.tif,Samsung-Galaxy-S4
img_f5c6b8e_unalt.tif,HTC-1-M7
img_096386d_manip.tif,LG-Nexus-5x
img_23e22c5_manip.tif,iPhone-6
img_fea904a_manip.tif,Samsung-Galaxy-S4
img_d56f447_manip.tif,Motorola-X
img_fc5f7e6_manip.tif,iPhone-6
img_8890243_manip.tif,iPhone-6
img_5a4e621_unalt.tif,Motorola-X
img_63a0805_manip.tif,HTC-1-M7
img_bcf5c6f_unalt.tif,LG-Nexus-5x
img_d93acda_manip.tif,iPhone-6
img_1c55391_unalt.tif,Samsung-Galaxy-Note3
img_16ad4df_unalt.tif,Motorola-X
img_0ae86dd_manip.tif,HTC-1-M7
img_544b013_unalt.tif,iPhone-6
img_d4322c9_manip.tif,Motorola-Droid-Maxx
img_acac997_manip.tif,HTC-1-M7
img_59a491e_unalt.tif,iPhone-6
img_69a9fb0_manip.tif,Samsung-Galaxy-Note3
img_c4c1f59_unalt.tif,iPhone-6
img_26f7a57_manip.tif,HTC-1-M7
img_37d8294_manip.tif,HTC-1-M7
img_edd02da_unalt.tif,Samsung-Galaxy-S4
img_0d1b441_unalt.tif,Samsung-Galaxy-Note3
img_7ed6da2_unalt.tif,iPhone-4s
img_9a470df_unalt.tif,HTC-1-M7
img_7866292_unalt.tif,HTC-1-M7
img_0e7c549_unalt.tif,Samsung-Galaxy-Note3
img_4f13d10_unalt.tif,Samsung-Galaxy-Note3
img_4d7be4c_unalt.tif,Motorola-Droid-Maxx
img_caa2c0a_unalt.tif,iPhone-4s
img_6c230bd_manip.tif,Motorola-X
img_872a5ca_manip.tif,iPhone-4s
img_7a0dcab_unalt.tif,LG-Nexus-5x
img_485ecaf_manip.tif,Motorola-Droid-Maxx
img_896e1ef_manip.tif,HTC-1-M7
img_78464dd_unalt.tif,Samsung-Galaxy-S4
img_2e3421b_unalt.tif,Motorola-X
img_3ac4275_manip.tif,Motorola-Droid-Maxx
img_31da1c8_unalt.tif,Motorola-Nexus-6
img_5bb97d6_unalt.tif,Motorola-X
img_0e9c690_manip.tif,Motorola-Droid-Maxx
img_e6f01f6_manip.tif,Motorola-X
img_a8f1f66_manip.tif,Motorola-Droid-Maxx
img_8162455_manip.tif,Samsung-Galaxy-S4
img_34f1da4_manip.tif,HTC-1-M7
img_a7e002b_manip.tif,LG-Nexus-5x
img_29be29f_manip.tif,HTC-1-M7
img_323e814_manip.tif,iPhone-4s
img_0714719_unalt.tif,Samsung-Galaxy-Note3
img_3988a06_manip.tif,Sony-NEX-7
img_59369c4_unalt.tif,LG-Nexus-5x
img_b4ea8ee_unalt.tif,Sony-NEX-7
img_b19149c_unalt.tif,Samsung-Galaxy-Note3
img_633bcf2_unalt.tif,Samsung-Galaxy-S4
img_8b3e66e_manip.tif,HTC-1-M7
img_3637d2b_manip.tif,LG-Nexus-5x
img_f678fce_manip.tif,iPhone-4s
img_325caa2_manip.tif,Motorola-X
img_dacb21e_manip.tif,Samsung-Galaxy-S4
img_894e7fa_unalt.tif,HTC-1-M7
img_29a0cda_unalt.tif,Samsung-Galaxy-S4
img_0264c88_unalt.tif,Motorola-Droid-Maxx
img_1d1cf50_manip.tif,Samsung-Galaxy-S4
img_9b80116_manip.tif,HTC-1-M7
img_d88b033_unalt.tif,iPhone-6
img_6c82dbb_manip.tif,Samsung-Galaxy-Note3
img_051f3b7_unalt.tif,iPhone-6
img_724097e_unalt.tif,Samsung-Galaxy-Note3
img_8b294bf_unalt.tif,Sony-NEX-7
img_4b95d25_unalt.tif,HTC-1-M7
img_5840fa2_unalt.tif,Samsung-Galaxy-S4
img_7968151_manip.tif,Motorola-X
img_3d03fd9_unalt.tif,iPhone-6
img_e2c0554_manip.tif,Motorola-X
img_3f316aa_unalt.tif,HTC-1-M7
img_2108b02_manip.tif,Samsung-Galaxy-Note3
img_d560a03_manip.tif,Motorola-Nexus-6
img_0e80fbb_manip.tif,LG-Nexus-5x
img_2b72695_unalt.tif,iPhone-4s
img_6580fad_unalt.tif,Samsung-Galaxy-Note3
img_6cfa280_manip.tif,HTC-1-M7
img_903c1f0_unalt.tif,Samsung-Galaxy-S4
img_ba86db2_unalt.tif,Samsung-Galaxy-S4
img_130299d_unalt.tif,Samsung-Galaxy-Note3
img_0af4522_manip.tif,Motorola-Droid-Maxx
img_ced5c14_unalt.tif,Motorola-Droid-Maxx
img_40f9ce5_unalt.tif,iPhone-4s
img_6dc8e51_manip.tif,HTC-1-M7
img_9267cc1_unalt.tif,Motorola-Droid-Maxx
img_5badb2a_manip.tif,iPhone-6
img_7595780_manip.tif,Sony-NEX-7
img_68fa833_manip.tif,HTC-1-M7
img_2337697_manip.tif,Motorola-Nexus-6
img_e7d9fe6_unalt.tif,HTC-1-M7
img_badb7b7_manip.tif,Motorola-Droid-Maxx
img_379512d_manip.tif,HTC-1-M7
img_f0be630_unalt.tif,iPhone-6
img_667c913_unalt.tif,Motorola-Nexus-6
img_0d14e4e_unalt.tif,iPhone-4s
img_5f26bac_unalt.tif,iPhone-6
img_0ae48a7_unalt.tif,iPhone-6
img_8d23be1_manip.tif,LG-Nexus-5x
img_b88ecc9_manip.tif,HTC-1-M7
img_2f8e7cc_unalt.tif,Motorola-Nexus-6
img_56d29a1_manip.tif,Samsung-Galaxy-Note3
img_d53c18e_unalt.tif,Samsung-Galaxy-Note3
img_f29f2a4_unalt.tif,Samsung-Galaxy-S4
img_ecdb9eb_unalt.tif,iPhone-4s
img_8ddac7c_unalt.tif,Samsung-Galaxy-Note3
img_322439a_unalt.tif,iPhone-4s
img_b6bfd5d_unalt.tif,Motorola-Droid-Maxx
img_aa96cd4_manip.tif,HTC-1-M7
img_30b38ba_manip.tif,HTC-1-M7
img_4bc0291_unalt.tif,iPhone-6
img_398df1c_manip.tif,iPhone-4s
img_83fc54d_unalt.tif,Samsung-Galaxy-S4
img_c68dcc1_manip.tif,iPhone-6
img_cec23b5_manip.tif,HTC-1-M7
img_40939da_manip.tif,iPhone-4s
img_8097ca4_manip.tif,LG-Nexus-5x
img_7d72ff3_manip.tif,LG-Nexus-5x
img_ce47b30_unalt.tif,HTC-1-M7
img_753b876_unalt.tif,iPhone-6
img_6458154_unalt.tif,Motorola-Nexus-6
img_0d53904_unalt.tif,Motorola-X
img_b48511b_unalt.tif,Samsung-Galaxy-S4
img_176e031_unalt.tif,HTC-1-M7
img_53033ca_manip.tif,Samsung-Galaxy-S4
img_017184c_unalt.tif,HTC-1-M7
img_c692fb6_unalt.tif,Samsung-Galaxy-Note3
img_6394b5a_manip.tif,HTC-1-M7
img_3decc4e_manip.tif,Motorola-Nexus-6
img_c789255_unalt.tif,Samsung-Galaxy-S4
img_35ff702_unalt.tif,Samsung-Galaxy-Note3
img_694c3ba_unalt.tif,iPhone-4s
img_30d0426_unalt.tif,iPhone-6
img_6d29846_unalt.tif,Motorola-Droid-Maxx
img_061e65b_manip.tif,Motorola-X
img_0eda398_unalt.tif,iPhone-4s
img_8973ed3_manip.tif,Motorola-Droid-Maxx
img_4269483_manip.tif,Motorola-Droid-Maxx
img_1e61909_manip.tif,Motorola-Droid-Maxx
img_40f704b_manip.tif,Samsung-Galaxy-Note3
img_3f1aa09_manip.tif,Samsung-Galaxy-S4
img_4cb9e53_manip.tif,Sony-NEX-7
img_a1b99b1_manip.tif,Samsung-Galaxy-S4
img_33d3ee7_unalt.tif,Motorola-Droid-Maxx
img_ca3075b_manip.tif,iPhone-6
img_1e89df2_manip.tif,Samsung-Galaxy-S4
img_602796d_unalt.tif,Samsung-Galaxy-S4
img_1eecf99_manip.tif,iPhone-4s
img_adeac07_manip.tif,HTC-1-M7
img_a47fdfc_manip.tif,Motorola-Droid-Maxx
img_0e99558_manip.tif,LG-Nexus-5x
img_75e5bca_unalt.tif,Samsung-Galaxy-Note3
img_4a5553c_unalt.tif,iPhone-4s
img_6e2bd5b_unalt.tif,HTC-1-M7
img_29c4220_manip.tif,Samsung-Galaxy-Note3
img_7ee7122_unalt.tif,iPhone-4s
img_ab03a9f_manip.tif,LG-Nexus-5x
img_11a4e39_manip.tif,Sony-NEX-7
img_adc1618_unalt.tif,Motorola-Nexus-6
img_235edd4_manip.tif,Sony-NEX-7
img_359d9c1_unalt.tif,iPhone-4s
img_948b119_manip.tif,HTC-1-M7
img_22beaa4_unalt.tif,iPhone-6
img_edcf9bf_manip.tif,Motorola-Nexus-6
img_1190aa2_unalt.tif,Samsung-Galaxy-S4
img_1458892_unalt.tif,Motorola-X
img_5223c59_unalt.tif,iPhone-6
img_2ba9582_unalt.tif,Samsung-Galaxy-Note3
img_b94d78b_unalt.tif,HTC-1-M7
img_8f47028_unalt.tif,iPhone-6
img_44daafc_manip.tif,Motorola-X
img_225ac71_unalt.tif,Samsung-Galaxy-Note3
img_5a15a25_manip.tif,Sony-NEX-7
img_ff56ac2_unalt.tif,Samsung-Galaxy-Note3
img_348a891_manip.tif,iPhone-4s
img_e08ba06_unalt.tif,Motorola-X
img_1ac7c07_unalt.tif,iPhone-6
img_fe9e4df_unalt.tif,Samsung-Galaxy-S4
img_7fd25b8_unalt.tif,Motorola-Nexus-6
img_7738696_unalt.tif,HTC-1-M7
img_8ce22cf_unalt.tif,iPhone-6
img_522eb32_manip.tif,HTC-1-M7
img_79b3136_manip.tif,Motorola-Droid-Maxx
img_4ee3478_unalt.tif,HTC-1-M7
img_6b47746_manip.tif,iPhone-4s
img_dcea4af_manip.tif,Motorola-X
img_ef771f0_unalt.tif,Samsung-Galaxy-Note3
img_ffaeda7_unalt.tif,Samsung-Galaxy-S4
img_5e888d8_unalt.tif,iPhone-6
img_72bc18c_manip.tif,Sony-NEX-7
img_84b1200_unalt.tif,iPhone-4s
img_9a69164_unalt.tif,iPhone-6
img_35a8d3f_unalt.tif,LG-Nexus-5x
img_7d67bea_manip.tif,iPhone-4s
img_8425dc6_unalt.tif,Samsung-Galaxy-Note3
img_f1cc18f_manip.tif,HTC-1-M7
img_b3fb9ff_unalt.tif,Samsung-Galaxy-Note3
img_b591ede_unalt.tif,LG-Nexus-5x
img_f566c6b_unalt.tif,Samsung-Galaxy-S4
img_f69fb97_unalt.tif,Samsung-Galaxy-Note3
img_a8b5264_unalt.tif,HTC-1-M7
img_5cf3a58_manip.tif,Samsung-Galaxy-Note3
img_69fdd9f_manip.tif,Motorola-Droid-Maxx
img_1a733d8_unalt.tif,Motorola-Droid-Maxx
img_b8fc9d5_manip.tif,Motorola-Droid-Maxx
img_b67a55c_unalt.tif,Motorola-Nexus-6
img_f693f5c_unalt.tif,Motorola-X
img_217243d_unalt.tif,Samsung-Galaxy-S4
img_7fece20_unalt.tif,Samsung-Galaxy-Note3
img_a6b3818_unalt.tif,Samsung-Galaxy-Note3
img_1f9f342_manip.tif,Sony-NEX-7
img_9a1ff5e_manip.tif,Motorola-Nexus-6
img_c9c8ea4_unalt.tif,HTC-1-M7
img_44a2cfc_manip.tif,LG-Nexus-5x
img_b0b0d7e_manip.tif,LG-Nexus-5x
img_7ea4b43_manip.tif,Samsung-Galaxy-Note3
img_7e71b52_manip.tif,HTC-1-M7
img_e035de4_manip.tif,Samsung-Galaxy-S4
img_6d10735_unalt.tif,Samsung-Galaxy-S4
img_73fbc24_manip.tif,iPhone-6
img_8a59330_manip.tif,HTC-1-M7
img_a1e746f_manip.tif,HTC-1-M7
img_41b0f20_unalt.tif,Motorola-X
img_2da6cd2_unalt.tif,Samsung-Galaxy-S4
img_b122652_manip.tif,Motorola-Nexus-6
img_08d62e8_manip.tif,Motorola-Nexus-6
img_b04d72c_manip.tif,Motorola-Droid-Maxx
img_9e905f5_unalt.tif,Sony-NEX-7
img_cf6d13a_manip.tif,Motorola-Droid-Maxx
img_4501bc4_unalt.tif,Samsung-Galaxy-Note3
img_93424ae_unalt.tif,Samsung-Galaxy-Note3
img_19fee30_unalt.tif,Samsung-Galaxy-Note3
img_90a147f_unalt.tif,Motorola-Droid-Maxx
img_7414e9a_unalt.tif,iPhone-4s
img_7089f5e_unalt.tif,Samsung-Galaxy-S4
img_99ccd4b_manip.tif,iPhone-6
img_a90ceb8_unalt.tif,LG-Nexus-5x
img_1b81e76_manip.tif,Samsung-Galaxy-Note3
img_683590d_manip.tif,Samsung-Galaxy-Note3
img_b4f020c_manip.tif,iPhone-4s
img_fe5e328_manip.tif,iPhone-4s
img_052fb4c_manip.tif,Samsung-Galaxy-S4
img_24c74e1_manip.tif,Motorola-X
img_2be3b3c_unalt.tif,iPhone-6
img_68ab698_unalt.tif,Samsung-Galaxy-S4
img_d22de61_unalt.tif,Motorola-Nexus-6
img_09d1836_manip.tif,iPhone-4s
img_b4cd21b_manip.tif,iPhone-4s
img_45ca3e0_manip.tif,iPhone-4s
img_14fd6d4_unalt.tif,Motorola-Nexus-6
img_5cdda0c_unalt.tif,Samsung-Galaxy-S4
img_eb11ef3_manip.tif,Samsung-Galaxy-S4
img_12e67ff_unalt.tif,HTC-1-M7
img_1fb48da_manip.tif,Motorola-Droid-Maxx
img_84bb44a_unalt.tif,Samsung-Galaxy-S4
img_2d8e9dd_unalt.tif,Samsung-Galaxy-Note3
img_ab39bbc_manip.tif,iPhone-4s
img_068c372_manip.tif,HTC-1-M7
img_8a9024f_manip.tif,iPhone-4s
img_4033e43_unalt.tif,Samsung-Galaxy-Note3
img_6e6c5ed_manip.tif,LG-Nexus-5x
img_ede3389_unalt.tif,iPhone-4s
img_e5da32a_manip.tif,iPhone-6
img_9f66f9b_manip.tif,Samsung-Galaxy-S4
img_e76f5db_manip.tif,Motorola-X
img_bcf904a_unalt.tif,Samsung-Galaxy-Note3
img_0f0b1f1_manip.tif,Motorola-Droid-Maxx
img_7c11076_unalt.tif,Samsung-Galaxy-S4
img_eb69c4e_manip.tif,Samsung-Galaxy-Note3
img_0062ce8_manip.tif,Motorola-Droid-Maxx
img_da23d54_unalt.tif,Samsung-Galaxy-S4
img_0e4829b_unalt.tif,Samsung-Galaxy-S4
img_e1d42eb_unalt.tif,Motorola-Nexus-6
img_ddcaede_unalt.tif,iPhone-6
img_4e91d82_unalt.tif,Samsung-Galaxy-S4
img_e27423f_unalt.tif,LG-Nexus-5x
img_d8d4d41_manip.tif,HTC-1-M7
img_3a9b309_manip.tif,iPhone-4s
img_60e9e3a_unalt.tif,Motorola-Droid-Maxx
img_f2d7ab9_unalt.tif,Motorola-Nexus-6
img_76b9eed_unalt.tif,Motorola-X
img_c47fd23_manip.tif,LG-Nexus-5x
img_00f61b7_unalt.tif,HTC-1-M7
img_3ed34bd_manip.tif,Motorola-Nexus-6
img_be0b2d6_manip.tif,Samsung-Galaxy-S4
img_fe9658d_manip.tif,iPhone-4s
img_83c8990_manip.tif,Motorola-Droid-Maxx
img_d0da434_manip.tif,Motorola-Droid-Maxx
img_adfdd9a_unalt.tif,LG-Nexus-5x
img_57c05bf_unalt.tif,iPhone-6
img_14dc78e_manip.tif,LG-Nexus-5x
img_eaa00bc_unalt.tif,Samsung-Galaxy-S4
img_dd6ce70_unalt.tif,HTC-1-M7
img_b551817_manip.tif,Samsung-Galaxy-S4
img_94b07f1_manip.tif,HTC-1-M7
img_c872275_manip.tif,iPhone-4s
img_b9687df_unalt.tif,Samsung-Galaxy-Note3
img_de46db0_unalt.tif,LG-Nexus-5x
img_7fe597b_unalt.tif,Samsung-Galaxy-S4
img_7331609_unalt.tif,iPhone-6
img_a7db4a1_manip.tif,HTC-1-M7
img_6f04c68_manip.tif,Motorola-Droid-Maxx
img_67db219_manip.tif,Motorola-Droid-Maxx
img_d7ace3d_manip.tif,Motorola-Droid-Maxx
img_7bf20e9_manip.tif,Motorola-Droid-Maxx
img_ee9a22c_unalt.tif,Motorola-Nexus-6
img_2ea3452_manip.tif,Motorola-Droid-Maxx
img_914df72_manip.tif,LG-Nexus-5x
img_eadeeaf_manip.tif,iPhone-4s
img_a5a4794_manip.tif,iPhone-4s
img_06b9ba0_manip.tif,HTC-1-M7
img_110ef2c_manip.tif,Samsung-Galaxy-S4
img_3d270e8_manip.tif,LG-Nexus-5x
img_a047c2e_manip.tif,Motorola-Droid-Maxx
img_d308808_unalt.tif,LG-Nexus-5x
img_7815efc_manip.tif,iPhone-6
img_9c59e74_manip.tif,Motorola-Nexus-6
img_7436197_unalt.tif,iPhone-4s
img_a0a7282_manip.tif,iPhone-6
img_c729218_unalt.tif,iPhone-6
img_fe017c6_manip.tif,Samsung-Galaxy-S4
img_7571fef_unalt.tif,HTC-1-M7
img_1b0ff49_manip.tif,Samsung-Galaxy-S4
img_670e272_unalt.tif,iPhone-4s
img_ab962fd_unalt.tif,Motorola-Nexus-6
img_65423ee_manip.tif,iPhone-4s
img_c8dc473_unalt.tif,Motorola-Droid-Maxx
img_3c3e717_unalt.tif,Motorola-X
img_fe88335_unalt.tif,Motorola-Nexus-6
img_4d11a97_unalt.tif,iPhone-6
img_256815c_manip.tif,Motorola-Nexus-6
img_226f1a8_unalt.tif,Samsung-Galaxy-S4
img_9c746f7_unalt.tif,Motorola-X
img_ccb4e5e_manip.tif,Motorola-Droid-Maxx
img_eae4783_manip.tif,Sony-NEX-7
img_d28252f_unalt.tif,Samsung-Galaxy-S4
img_f39eefc_manip.tif,Motorola-Droid-Maxx
img_9d210c5_unalt.tif,Samsung-Galaxy-Note3
img_9e2c83b_unalt.tif,Motorola-Droid-Maxx
img_d203af2_unalt.tif,Sony-NEX-7
img_4bca669_unalt.tif,iPhone-4s
img_5ce8da9_manip.tif,Motorola-Nexus-6
img_3ff65f6_unalt.tif,Samsung-Galaxy-S4
img_db8cb11_unalt.tif,Samsung-Galaxy-S4
img_e229b3b_unalt.tif,HTC-1-M7
img_0aaf6e4_unalt.tif,Motorola-Nexus-6
img_d026be5_unalt.tif,Motorola-X
img_626da37_unalt.tif,HTC-1-M7
img_bbc5fc8_manip.tif,Samsung-Galaxy-S4
img_308a4ca_unalt.tif,Motorola-X
img_3e7576c_manip.tif,Motorola-Nexus-6
img_85ab377_unalt.tif,Motorola-X
img_3101757_manip.tif,iPhone-4s
img_d166d94_manip.tif,HTC-1-M7
img_6a31fd7_unalt.tif,Samsung-Galaxy-Note3
img_380d69f_unalt.tif,iPhone-4s
img_c836426_unalt.tif,LG-Nexus-5x
img_aa4e840_manip.tif,Sony-NEX-7
img_3346671_unalt.tif,iPhone-4s
img_409f11b_unalt.tif,Samsung-Galaxy-Note3
img_dc7a41f_unalt.tif,iPhone-4s
img_ba62e48_unalt.tif,LG-Nexus-5x
img_ce4e2f6_unalt.tif,Motorola-X
img_0390cee_unalt.tif,Motorola-Droid-Maxx
img_cf68c4b_manip.tif,LG-Nexus-5x
img_1e767d5_manip.tif,Samsung-Galaxy-Note3
img_d39f0ff_unalt.tif,LG-Nexus-5x
img_fbf32b9_manip.tif,Motorola-Nexus-6
img_cb670fb_unalt.tif,LG-Nexus-5x
img_cb3f566_unalt.tif,HTC-1-M7
img_220fbab_unalt.tif,Motorola-Droid-Maxx
img_4bf6d94_manip.tif,Motorola-X
img_66f555d_manip.tif,Motorola-Droid-Maxx
img_de0c0c3_unalt.tif,iPhone-6
img_fd4edba_manip.tif,Motorola-Droid-Maxx
img_c9096be_manip.tif,iPhone-4s
img_77b1f3d_unalt.tif,Samsung-Galaxy-S4
img_8bd6cf3_unalt.tif,Motorola-X
img_a3e4763_manip.tif,Motorola-X
img_47cf64f_manip.tif,HTC-1-M7
img_cc89c7e_manip.tif,Samsung-Galaxy-Note3
img_020ef15_manip.tif,iPhone-4s
img_f3b793d_unalt.tif,Motorola-Nexus-6
img_f4d822b_unalt.tif,iPhone-6
img_53a7cc7_unalt.tif,iPhone-4s
img_0ecc615_manip.tif,Samsung-Galaxy-S4
img_f9f69fa_manip.tif,iPhone-4s
img_946cd40_manip.tif,LG-Nexus-5x
img_3a0d006_unalt.tif,Samsung-Galaxy-S4
img_85c9c6c_manip.tif,iPhone-4s
img_9b9944f_manip.tif,Motorola-Droid-Maxx
img_5d30673_manip.tif,Samsung-Galaxy-Note3
img_a03708d_manip.tif,Samsung-Galaxy-S4
img_598c35e_unalt.tif,LG-Nexus-5x
img_141c6fd_unalt.tif,Samsung-Galaxy-Note3
img_c70d604_unalt.tif,iPhone-4s
img_cef6f54_manip.tif,Samsung-Galaxy-S4
img_8fe3397_manip.tif,Motorola-Droid-Maxx
img_1d12f28_unalt.tif,Motorola-Nexus-6
img_94a7cc6_manip.tif,Motorola-Nexus-6
img_966c41b_manip.tif,iPhone-4s
img_623574a_unalt.tif,iPhone-4s
img_6df0b81_manip.tif,Motorola-Droid-Maxx
img_4116661_manip.tif,LG-Nexus-5x
img_e6cf62a_manip.tif,LG-Nexus-5x
img_866442e_manip.tif,Motorola-Droid-Maxx
img_50974fa_unalt.tif,LG-Nexus-5x
img_41ac8ac_unalt.tif,LG-Nexus-5x
img_7efda82_manip.tif,Samsung-Galaxy-Note3
img_e2addee_unalt.tif,Motorola-Droid-Maxx
img_047e000_unalt.tif,Motorola-Nexus-6
img_5da804c_manip.tif,Motorola-X
img_61e3830_unalt.tif,Motorola-Nexus-6
img_1aeb3c7_unalt.tif,Samsung-Galaxy-S4
img_b5bf89a_unalt.tif,Samsung-Galaxy-S4
img_17a885f_manip.tif,Samsung-Galaxy-Note3
img_03cab56_manip.tif,HTC-1-M7
img_7ed2497_unalt.tif,Motorola-Droid-Maxx
img_a6c432e_unalt.tif,Samsung-Galaxy-S4
img_f6a21de_unalt.tif,Motorola-Droid-Maxx
img_a51c95c_manip.tif,Motorola-Nexus-6
img_78e7dda_unalt.tif,Motorola-Droid-Maxx
img_9123d51_unalt.tif,Motorola-X
img_9754202_manip.tif,HTC-1-M7
img_5f4f4f6_unalt.tif,Motorola-Nexus-6
img_baa5ff5_manip.tif,Motorola-Nexus-6
img_668e4f6_unalt.tif,Samsung-Galaxy-Note3
img_9215e68_unalt.tif,Motorola-Droid-Maxx
img_3d17851_unalt.tif,Samsung-Galaxy-Note3
img_03cc69f_manip.tif,LG-Nexus-5x
img_31af876_unalt.tif,Samsung-Galaxy-Note3
img_3399f2a_manip.tif,Samsung-Galaxy-Note3
img_e47bb13_manip.tif,Samsung-Galaxy-S4
img_f500caa_unalt.tif,iPhone-4s
img_3954571_manip.tif,Sony-NEX-7
img_ed3327e_manip.tif,Motorola-Droid-Maxx
img_55422cd_manip.tif,Samsung-Galaxy-S4
img_5064d1e_unalt.tif,Motorola-Nexus-6
img_6752a2b_unalt.tif,HTC-1-M7
img_ea7ed17_manip.tif,iPhone-6
img_fbce182_unalt.tif,iPhone-6
img_f011432_unalt.tif,Samsung-Galaxy-Note3
img_ec67b1a_manip.tif,HTC-1-M7
img_072619c_manip.tif,Samsung-Galaxy-Note3
img_35545c4_manip.tif,iPhone-4s
img_67433aa_unalt.tif,Samsung-Galaxy-Note3
img_6dbfe1c_manip.tif,LG-Nexus-5x
img_beb5043_unalt.tif,Motorola-Droid-Maxx
img_f4f267b_manip.tif,iPhone-4s
img_d073b05_manip.tif,iPhone-6
img_b2e6733_unalt.tif,Samsung-Galaxy-S4
img_6346ba2_manip.tif,Motorola-Droid-Maxx
img_1c2ea69_manip.tif,Samsung-Galaxy-S4
img_16853bb_unalt.tif,Samsung-Galaxy-Note3
img_dfcac07_unalt.tif,iPhone-6
img_cfd1f5e_manip.tif,Motorola-Droid-Maxx
img_51653ed_unalt.tif,Samsung-Galaxy-Note3
img_69433f6_unalt.tif,iPhone-4s
img_3b2076c_unalt.tif,iPhone-4s
img_38de800_unalt.tif,Samsung-Galaxy-S4
img_fefdce8_manip.tif,Samsung-Galaxy-Note3
img_d312244_unalt.tif,iPhone-4s
img_b1a7208_manip.tif,iPhone-4s
img_699e499_unalt.tif,HTC-1-M7
img_a708b6e_manip.tif,Samsung-Galaxy-S4
img_9a714b1_unalt.tif,Motorola-Nexus-6
img_2fe8e1f_manip.tif,Samsung-Galaxy-Note3
img_5366cee_manip.tif,iPhone-6
img_f6098d3_manip.tif,Motorola-Droid-Maxx
img_1e3967e_unalt.tif,LG-Nexus-5x
img_2e09404_manip.tif,iPhone-4s
img_311aa3a_manip.tif,HTC-1-M7
img_5bc6088_manip.tif,Samsung-Galaxy-Note3
img_82c565d_unalt.tif,iPhone-6
img_35990d3_unalt.tif,Motorola-Droid-Maxx
img_82e2c3c_manip.tif,iPhone-4s
img_694ecf4_unalt.tif,Samsung-Galaxy-Note3
img_2a1151e_manip.tif,Motorola-X
img_aa39291_unalt.tif,Samsung-Galaxy-S4
img_0f08723_manip.tif,iPhone-4s
img_60fa981_manip.tif,iPhone-6
img_7d1ce80_manip.tif,Samsung-Galaxy-S4
img_c1b59b6_unalt.tif,iPhone-4s
img_c7861e1_manip.tif,Motorola-Droid-Maxx
img_6dbd8db_unalt.tif,iPhone-6
img_0ac09ab_manip.tif,iPhone-6
img_6d61298_manip.tif,iPhone-4s
img_f6f08c9_manip.tif,HTC-1-M7
img_7122311_manip.tif,Samsung-Galaxy-S4
img_8e679c1_unalt.tif,iPhone-6
img_748b698_unalt.tif,Samsung-Galaxy-S4
img_dfcd31a_manip.tif,Samsung-Galaxy-S4
img_06d0df5_manip.tif,HTC-1-M7
img_55e9efa_unalt.tif,Samsung-Galaxy-S4
img_d68b4b5_unalt.tif,Samsung-Galaxy-Note3
img_f4a8f04_manip.tif,Samsung-Galaxy-Note3
img_a25b1a9_manip.tif,Motorola-Nexus-6
img_419c1ff_manip.tif,Motorola-Droid-Maxx
img_c808f19_manip.tif,Motorola-Droid-Maxx
img_470c361_unalt.tif,LG-Nexus-5x
img_d3f71cc_manip.tif,Motorola-Droid-Maxx
img_b98e63b_unalt.tif,LG-Nexus-5x
img_d6db46a_unalt.tif,Motorola-X
img_8b36776_unalt.tif,Motorola-Nexus-6
img_0abb191_unalt.tif,Samsung-Galaxy-S4
img_64b22f4_unalt.tif,LG-Nexus-5x
img_6556ce9_unalt.tif,HTC-1-M7
img_fa66579_unalt.tif,Sony-NEX-7
img_d4adb26_unalt.tif,Motorola-Nexus-6
img_9118be6_manip.tif,Samsung-Galaxy-Note3
img_8531ce3_manip.tif,HTC-1-M7
img_7d57d21_unalt.tif,Motorola-X
img_8113b98_manip.tif,Motorola-Droid-Maxx
img_90bf577_unalt.tif,Motorola-Nexus-6
img_c386a08_manip.tif,Samsung-Galaxy-S4
img_1cd317d_manip.tif,Motorola-X
img_a81d8fc_unalt.tif,Samsung-Galaxy-S4
img_8be14af_unalt.tif,LG-Nexus-5x
img_4b1f910_manip.tif,Motorola-Droid-Maxx
img_476ce81_unalt.tif,LG-Nexus-5x
img_711ccd7_manip.tif,HTC-1-M7
img_bb2d84a_unalt.tif,Motorola-X
img_ee7e357_manip.tif,Samsung-Galaxy-Note3
img_99cbb6f_manip.tif,Motorola-Droid-Maxx
img_d412884_unalt.tif,iPhone-6
img_686cefc_manip.tif,iPhone-4s
img_14835b5_manip.tif,iPhone-4s
img_19e85e5_unalt.tif,Samsung-Galaxy-Note3
img_91fe9fc_manip.tif,Samsung-Galaxy-S4
img_903649a_manip.tif,HTC-1-M7
img_bc6bcd2_unalt.tif,iPhone-6
img_b91337e_unalt.tif,Motorola-X
img_decc77e_manip.tif,Samsung-Galaxy-S4
img_ec15848_manip.tif,Motorola-Droid-Maxx
img_c2cad1b_unalt.tif,Motorola-X
img_5d87857_manip.tif,Motorola-Nexus-6
img_8e4b64a_unalt.tif,LG-Nexus-5x
img_2170a4e_unalt.tif,Samsung-Galaxy-Note3
img_fe41b74_manip.tif,Motorola-Nexus-6
img_b24a675_unalt.tif,Motorola-Nexus-6
img_0b5b7b3_unalt.tif,Samsung-Galaxy-Note3
img_79e215d_manip.tif,Samsung-Galaxy-Note3
img_6481076_unalt.tif,iPhone-4s
img_c056bb0_manip.tif,Motorola-X
img_a1e79e3_unalt.tif,Motorola-Droid-Maxx
img_5fc0927_unalt.tif,Samsung-Galaxy-Note3
img_015b7e6_manip.tif,Samsung-Galaxy-S4
img_c9883f6_manip.tif,Motorola-X
img_85bfd50_unalt.tif,Motorola-Nexus-6
img_69a9119_unalt.tif,Motorola-Droid-Maxx
img_969a1b2_manip.tif,Motorola-Droid-Maxx
img_5893e35_manip.tif,Motorola-Droid-Maxx
img_051d1e0_manip.tif,iPhone-4s
img_c72eb3d_unalt.tif,Samsung-Galaxy-S4
img_34790ba_manip.tif,iPhone-4s
img_0875b14_manip.tif,HTC-1-M7
img_d681b4f_manip.tif,Motorola-Nexus-6
img_6422986_manip.tif,HTC-1-M7
img_3b83af0_manip.tif,Motorola-Droid-Maxx
img_c3920e2_manip.tif,Samsung-Galaxy-Note3
img_17a5510_manip.tif,Motorola-X
img_739d699_manip.tif,Samsung-Galaxy-Note3
img_8b2d44e_manip.tif,HTC-1-M7
img_23387c1_unalt.tif,Motorola-X
img_4e771ae_manip.tif,HTC-1-M7
img_d34dc99_unalt.tif,Sony-NEX-7
img_ee9d0cb_manip.tif,HTC-1-M7
img_0b68096_manip.tif,Motorola-Nexus-6
img_4963661_unalt.tif,Sony-NEX-7
img_20913ef_manip.tif,iPhone-4s
img_bd8b0a0_unalt.tif,Motorola-Nexus-6
img_77a5cdc_unalt.tif,iPhone-4s
img_867f990_manip.tif,iPhone-4s
img_7df9f0e_manip.tif,HTC-1-M7
img_d4fe6ca_manip.tif,iPhone-4s
img_a12ac6d_manip.tif,iPhone-4s
img_1038c40_manip.tif,iPhone-4s
img_5acc3a0_unalt.tif,Motorola-Nexus-6
img_48cb356_unalt.tif,iPhone-6
img_36d56ea_unalt.tif,Samsung-Galaxy-S4
img_363b54b_manip.tif,Samsung-Galaxy-S4
img_4477f01_unalt.tif,Motorola-Nexus-6
img_5e88d06_unalt.tif,HTC-1-M7
img_765a0f4_manip.tif,LG-Nexus-5x
img_238f6d3_unalt.tif,iPhone-4s
img_79b51af_manip.tif,Motorola-Nexus-6
img_1f6fd60_unalt.tif,HTC-1-M7
img_c87297a_unalt.tif,HTC-1-M7
img_b9d156a_unalt.tif,Samsung-Galaxy-S4
img_67faf71_unalt.tif,LG-Nexus-5x
img_5d26b47_unalt.tif,HTC-1-M7
img_f7b3280_manip.tif,Samsung-Galaxy-Note3
img_9064de4_unalt.tif,HTC-1-M7
img_2608513_manip.tif,iPhone-4s
img_835e71c_manip.tif,iPhone-4s
img_41b55f2_manip.tif,Motorola-Droid-Maxx
img_8503999_unalt.tif,iPhone-4s
img_076fb0d_unalt.tif,Motorola-Droid-Maxx
img_75d8007_manip.tif,iPhone-6
img_2c1ecb4_manip.tif,LG-Nexus-5x
img_3567a82_manip.tif,Motorola-Droid-Maxx
img_adc2912_manip.tif,Samsung-Galaxy-Note3
img_c82fcf6_unalt.tif,Samsung-Galaxy-Note3
img_8351bdc_unalt.tif,Samsung-Galaxy-Note3
img_3b52955_manip.tif,HTC-1-M7
img_8f2a7d2_manip.tif,HTC-1-M7
img_35d6525_manip.tif,iPhone-6
img_f18cd0d_unalt.tif,Motorola-X
img_a537605_unalt.tif,Motorola-Nexus-6
img_feb16dd_manip.tif,iPhone-4s
img_3428729_manip.tif,LG-Nexus-5x
img_508a0bf_unalt.tif,iPhone-6
img_17ab80b_manip.tif,Samsung-Galaxy-S4
img_8621c4f_manip.tif,Samsung-Galaxy-Note3
img_d03132b_manip.tif,Samsung-Galaxy-Note3
img_a7e87b3_manip.tif,Motorola-Droid-Maxx
img_227e06e_unalt.tif,Motorola-X
img_b251ea7_manip.tif,LG-Nexus-5x
img_a277a40_manip.tif,LG-Nexus-5x
img_ec430ce_manip.tif,Motorola-Droid-Maxx
img_7a8d8d6_unalt.tif,Motorola-Nexus-6
img_0c6cd35_unalt.tif,iPhone-4s
img_7a5e2ff_unalt.tif,HTC-1-M7
img_2107aef_manip.tif,iPhone-6
img_f3667f9_unalt.tif,iPhone-4s
img_f5ab5fc_manip.tif,iPhone-6
img_6acc79e_unalt.tif,LG-Nexus-5x
img_567a765_manip.tif,LG-Nexus-5x
img_229bd5b_unalt.tif,Samsung-Galaxy-S4
img_f217c99_manip.tif,Motorola-Nexus-6
img_a4fe69e_manip.tif,Samsung-Galaxy-S4
img_de105da_manip.tif,Sony-NEX-7
img_70a15e0_unalt.tif,HTC-1-M7
img_cfab198_unalt.tif,Samsung-Galaxy-S4
img_8b43dcc_manip.tif,iPhone-6
img_ca2cb6f_manip.tif,Samsung-Galaxy-S4
img_0acc754_unalt.tif,Motorola-Nexus-6
img_008a869_unalt.tif,HTC-1-M7
img_5dfc480_unalt.tif,LG-Nexus-5x
img_d1bda64_unalt.tif,Samsung-Galaxy-S4
img_b3d0ec5_manip.tif,iPhone-6
img_8f8fef7_manip.tif,Motorola-Droid-Maxx
img_1d7cdb0_unalt.tif,HTC-1-M7
img_d52a9ca_manip.tif,HTC-1-M7
img_c7c4827_unalt.tif,iPhone-4s
img_06a8da2_unalt.tif,Motorola-Droid-Maxx
img_2577ec5_manip.tif,Motorola-Droid-Maxx
img_62e129a_manip.tif,Sony-NEX-7
img_24f9cbe_manip.tif,Motorola-X
img_835b68c_manip.tif,LG-Nexus-5x
img_ba687e7_manip.tif,LG-Nexus-5x
img_0e6b33a_manip.tif,Motorola-Droid-Maxx
img_9235d70_unalt.tif,Motorola-X
img_869b06d_manip.tif,HTC-1-M7
img_3a7133e_unalt.tif,Samsung-Galaxy-S4
img_5b2f9d3_manip.tif,iPhone-6
img_0c5bfb7_unalt.tif,Samsung-Galaxy-Note3
img_0b1c4c6_manip.tif,Motorola-Nexus-6
img_1a679e8_unalt.tif,Motorola-X
img_726d6fc_unalt.tif,Motorola-X
img_2413656_unalt.tif,Samsung-Galaxy-Note3
img_8ddee2a_manip.tif,Samsung-Galaxy-Note3
img_2afa619_unalt.tif,Samsung-Galaxy-S4
img_3d46446_manip.tif,iPhone-6
img_53c1711_manip.tif,iPhone-4s
img_919d93e_unalt.tif,iPhone-6
img_9e07b25_unalt.tif,iPhone-6
img_9e0c8cb_manip.tif,iPhone-4s
img_f08d6ba_manip.tif,Motorola-Droid-Maxx
img_0b95b66_manip.tif,Motorola-Droid-Maxx
img_59df69b_manip.tif,Samsung-Galaxy-Note3
img_c8b2a12_unalt.tif,Motorola-Nexus-6
img_e14f959_unalt.tif,Motorola-Droid-Maxx
img_e8325a5_manip.tif,Samsung-Galaxy-Note3
img_ca2e000_unalt.tif,Samsung-Galaxy-Note3
img_945c0b6_manip.tif,Samsung-Galaxy-Note3
img_5254e45_manip.tif,Samsung-Galaxy-S4
img_632dfc0_unalt.tif,Samsung-Galaxy-Note3
img_eceee33_unalt.tif,iPhone-4s
img_e27c14e_manip.tif,HTC-1-M7
img_cebf04b_unalt.tif,HTC-1-M7
img_e5a053f_unalt.tif,HTC-1-M7
img_ac65983_manip.tif,Samsung-Galaxy-S4
img_9f943e1_manip.tif,HTC-1-M7
img_bcf5cbc_unalt.tif,HTC-1-M7
img_a783b9b_unalt.tif,Samsung-Galaxy-S4
img_4aa5dbf_manip.tif,Motorola-Droid-Maxx
img_346cac6_manip.tif,Motorola-Droid-Maxx
img_00885c3_manip.tif,Samsung-Galaxy-S4
img_f0a4c09_manip.tif,Motorola-Droid-Maxx
img_ebecf54_unalt.tif,HTC-1-M7
img_cfeded2_unalt.tif,Samsung-Galaxy-S4
img_f341ce7_unalt.tif,Motorola-Nexus-6
img_e1c9b03_unalt.tif,Samsung-Galaxy-S4
img_366467d_manip.tif,Motorola-Nexus-6
img_ee56cf9_unalt.tif,Motorola-X
img_f086fcf_manip.tif,Motorola-Droid-Maxx
img_4439aa3_unalt.tif,Motorola-X
img_00275cf_manip.tif,iPhone-4s
img_87672aa_manip.tif,iPhone-4s
img_3cf69ad_manip.tif,HTC-1-M7
img_05a1af1_manip.tif,iPhone-4s
img_b7e03ec_manip.tif,Motorola-Nexus-6
img_f224a9a_manip.tif,Motorola-Droid-Maxx
img_3b45a7c_unalt.tif,Motorola-X
img_ed3cb54_unalt.tif,Samsung-Galaxy-Note3
img_701a8b8_unalt.tif,Samsung-Galaxy-S4
img_1950035_manip.tif,iPhone-6
img_747a61a_unalt.tif,Samsung-Galaxy-S4
img_ae6f9eb_unalt.tif,iPhone-6
img_b7c9084_unalt.tif,Samsung-Galaxy-Note3
img_8931e46_unalt.tif,iPhone-6
img_837e606_unalt.tif,iPhone-6
img_33d2d72_manip.tif,Samsung-Galaxy-S4
img_98517af_manip.tif,HTC-1-M7
img_38aaf07_unalt.tif,Motorola-Nexus-6
img_9721c9b_unalt.tif,HTC-1-M7
img_439704a_unalt.tif,iPhone-4s
img_0fc0a1d_unalt.tif,Motorola-Nexus-6
img_fd723bc_manip.tif,iPhone-4s
img_9543f5b_unalt.tif,Motorola-Nexus-6
img_9574b6e_manip.tif,LG-Nexus-5x
img_ed0c636_unalt.tif,Motorola-Nexus-6
img_72aa95f_manip.tif,Samsung-Galaxy-Note3
img_dd2853e_manip.tif,LG-Nexus-5x
img_d52fa4c_unalt.tif,Samsung-Galaxy-S4
img_131f755_unalt.tif,Motorola-X
img_57a7a82_unalt.tif,Motorola-X
img_2f93c6a_unalt.tif,iPhone-6
img_fe9912d_unalt.tif,HTC-1-M7
img_c8ab734_manip.tif,Motorola-X
img_309410f_manip.tif,iPhone-4s
img_56cc10a_unalt.tif,HTC-1-M7
img_4558d96_manip.tif,iPhone-6
img_a702137_unalt.tif,Samsung-Galaxy-Note3
img_1a577c5_manip.tif,iPhone-6
img_bef22df_unalt.tif,HTC-1-M7
img_f088528_unalt.tif,Motorola-Nexus-6
img_fb0ecd8_unalt.tif,Samsung-Galaxy-S4
img_65524a5_unalt.tif,Samsung-Galaxy-S4
img_8f87fe9_unalt.tif,Motorola-X
img_fa9bc92_unalt.tif,iPhone-6
img_8fcf51d_manip.tif,Motorola-Droid-Maxx
img_da70595_manip.tif,HTC-1-M7
img_65bc0d1_manip.tif,LG-Nexus-5x
img_fc03cf2_manip.tif,iPhone-4s
img_dc32829_unalt.tif,Samsung-Galaxy-Note3
img_fc67616_unalt.tif,Motorola-Nexus-6
img_b9f2f43_unalt.tif,iPhone-4s
img_1302572_unalt.tif,Motorola-Droid-Maxx
img_2369d08_manip.tif,LG-Nexus-5x
img_d06c421_manip.tif,iPhone-4s
img_878e802_unalt.tif,Motorola-X
img_de16fff_manip.tif,Samsung-Galaxy-S4
img_f9b72bd_manip.tif,HTC-1-M7
img_527267a_unalt.tif,Samsung-Galaxy-S4
img_643fb05_manip.tif,iPhone-4s
img_fb8d0ae_manip.tif,Motorola-Nexus-6
img_6f759f8_manip.tif,LG-Nexus-5x
img_388b719_unalt.tif,iPhone-4s
img_b38df95_unalt.tif,Samsung-Galaxy-Note3
img_a3a2eb2_unalt.tif,Sony-NEX-7
img_fea390c_manip.tif,Motorola-Droid-Maxx
img_eceebe8_manip.tif,HTC-1-M7
img_0e02d7c_manip.tif,iPhone-4s
img_5599fb4_manip.tif,Motorola-X
img_f5e2df6_unalt.tif,iPhone-6
img_20c4864_manip.tif,HTC-1-M7
img_1af2d4c_unalt.tif,Motorola-X
img_55e63fe_unalt.tif,Motorola-Nexus-6
img_c48749b_unalt.tif,Samsung-Galaxy-S4
img_d016865_manip.tif,HTC-1-M7
img_9aaa57a_unalt.tif,iPhone-6
img_6d601f6_manip.tif,Motorola-Droid-Maxx
img_bcb116f_unalt.tif,iPhone-4s
img_9342b15_unalt.tif,Samsung-Galaxy-Note3
img_8ed2b80_manip.tif,Samsung-Galaxy-Note3
img_7f243ee_unalt.tif,Motorola-X
img_4e575d4_unalt.tif,iPhone-6
img_c4d4fb0_unalt.tif,Motorola-X
img_68bcdc5_unalt.tif,iPhone-6
img_16374ce_manip.tif,iPhone-4s
img_239125b_manip.tif,HTC-1-M7
img_199aab3_unalt.tif,Samsung-Galaxy-Note3
img_720719b_manip.tif,Motorola-Droid-Maxx
img_5b53ae5_unalt.tif,HTC-1-M7
img_72f140d_unalt.tif,Sony-NEX-7
img_03c0533_unalt.tif,iPhone-4s
img_dd92980_manip.tif,Motorola-Droid-Maxx
img_ea4ca2b_manip.tif,Motorola-X
img_96f3ba0_unalt.tif,Motorola-Nexus-6
img_6b082bf_manip.tif,Motorola-Droid-Maxx
img_1e69b75_unalt.tif,Motorola-X
img_ee5d39a_manip.tif,Motorola-Droid-Maxx
img_89f5e19_manip.tif,Motorola-Nexus-6
img_bec13fd_unalt.tif,LG-Nexus-5x
img_d5fdd30_manip.tif,LG-Nexus-5x
img_187b4cb_unalt.tif,iPhone-4s
img_4032813_unalt.tif,Samsung-Galaxy-S4
img_4ad1709_unalt.tif,iPhone-4s
img_53622c5_unalt.tif,iPhone-6
img_cb4fdf8_unalt.tif,Samsung-Galaxy-S4
img_3e0cb3e_unalt.tif,Samsung-Galaxy-Note3
img_d73c40d_unalt.tif,Samsung-Galaxy-Note3
img_38a9334_manip.tif,Samsung-Galaxy-S4
img_94767d2_unalt.tif,Motorola-X
img_2bc4c60_unalt.tif,Samsung-Galaxy-Note3
img_7e837ea_manip.tif,iPhone-4s
img_cb4dc11_unalt.tif,Motorola-Droid-Maxx
img_6af5f78_unalt.tif,Motorola-Nexus-6
img_850c950_unalt.tif,Samsung-Galaxy-Note3
img_ada3807_unalt.tif,HTC-1-M7
img_4937ba6_manip.tif,LG-Nexus-5x
img_476f72c_manip.tif,Motorola-Droid-Maxx
img_a60cb70_manip.tif,HTC-1-M7
img_1091b12_manip.tif,iPhone-4s
img_c1db1bf_manip.tif,Samsung-Galaxy-S4
img_e7a0a1a_unalt.tif,iPhone-4s
img_5ff7e05_manip.tif,Motorola-Droid-Maxx
img_4e05d04_unalt.tif,LG-Nexus-5x
img_27e1c11_unalt.tif,Samsung-Galaxy-Note3
img_8026ed4_unalt.tif,Samsung-Galaxy-Note3
img_a5a17a1_unalt.tif,Motorola-Droid-Maxx
img_dfe2440_unalt.tif,Samsung-Galaxy-S4
img_4438c18_manip.tif,iPhone-4s
img_5294c7c_unalt.tif,Samsung-Galaxy-Note3
img_7741df0_unalt.tif,Motorola-Droid-Maxx
img_873275f_manip.tif,iPhone-4s
img_4554b75_unalt.tif,LG-Nexus-5x
img_505e6e9_unalt.tif,Motorola-X
img_6373547_unalt.tif,Sony-NEX-7
img_43ccbae_manip.tif,Sony-NEX-7
img_3085ddf_manip.tif,Motorola-Droid-Maxx
img_468e132_unalt.tif,iPhone-4s
img_a569094_unalt.tif,iPhone-4s
img_8bff770_unalt.tif,Samsung-Galaxy-Note3
img_0184cda_unalt.tif,Samsung-Galaxy-S4
img_0d5114d_manip.tif,LG-Nexus-5x
img_3005957_manip.tif,Samsung-Galaxy-S4
img_d809582_manip.tif,Sony-NEX-7
img_7adf5fb_unalt.tif,Samsung-Galaxy-Note3
img_7e2b55c_manip.tif,HTC-1-M7
img_b87210f_manip.tif,Motorola-Droid-Maxx
img_b48a842_manip.tif,Samsung-Galaxy-Note3
img_12bea67_unalt.tif,Samsung-Galaxy-Note3
img_c4f341c_manip.tif,iPhone-4s
img_e9845f3_unalt.tif,HTC-1-M7
img_3c5cfa3_unalt.tif,Samsung-Galaxy-Note3
img_31eb271_unalt.tif,Samsung-Galaxy-Note3
img_55112b6_manip.tif,Motorola-Droid-Maxx
img_cde2ab4_unalt.tif,HTC-1-M7
img_6ecbf8d_manip.tif,Samsung-Galaxy-S4
img_8441d64_manip.tif,Motorola-X
img_6bfb6a2_unalt.tif,Samsung-Galaxy-S4
img_67e9749_unalt.tif,HTC-1-M7
img_5a8b90a_manip.tif,Motorola-X
img_d2170c3_manip.tif,iPhone-6
img_c176fd8_manip.tif,Motorola-X
img_1e99067_manip.tif,iPhone-4s
img_3399d35_unalt.tif,Sony-NEX-7
img_493176d_manip.tif,LG-Nexus-5x
img_6881983_manip.tif,Motorola-Nexus-6
img_09423bd_unalt.tif,Motorola-Droid-Maxx
img_e8e518a_unalt.tif,Samsung-Galaxy-Note3
img_94a5336_unalt.tif,Samsung-Galaxy-S4
img_9dd0b2b_unalt.tif,iPhone-6
img_4805bbf_manip.tif,LG-Nexus-5x
img_efd2a2d_unalt.tif,iPhone-6
img_b558bd6_unalt.tif,Motorola-X
img_985ce59_manip.tif,iPhone-6
img_9f6b9fc_manip.tif,Motorola-Droid-Maxx
img_97d1192_manip.tif,Sony-NEX-7
img_96545bc_manip.tif,iPhone-6
img_e09b70b_unalt.tif,HTC-1-M7
img_93c56d7_manip.tif,iPhone-4s
img_2b4e0b1_unalt.tif,Samsung-Galaxy-Note3
img_5fcbe16_manip.tif,LG-Nexus-5x
img_5740a33_manip.tif,Motorola-Nexus-6
img_f1aca0c_unalt.tif,iPhone-4s
img_b946db1_manip.tif,Samsung-Galaxy-S4
img_69e143f_unalt.tif,Motorola-Nexus-6
img_b457659_manip.tif,Motorola-X
img_f209931_unalt.tif,Samsung-Galaxy-Note3
img_4c2af6b_manip.tif,Motorola-Droid-Maxx
img_30f0954_unalt.tif,HTC-1-M7
img_21dd674_manip.tif,LG-Nexus-5x
img_399525b_unalt.tif,iPhone-4s
img_621a6a6_unalt.tif,Samsung-Galaxy-Note3
img_2b0406c_unalt.tif,Samsung-Galaxy-S4
img_77b6e65_manip.tif,Motorola-Droid-Maxx
img_4c7e819_manip.tif,Motorola-X
img_ef27891_unalt.tif,Samsung-Galaxy-Note3
img_281dbeb_manip.tif,iPhone-6
img_8b9e163_manip.tif,iPhone-4s
img_13c2fcb_manip.tif,Motorola-Nexus-6
img_257371c_unalt.tif,Motorola-Droid-Maxx
img_cc0ea38_unalt.tif,iPhone-6
img_d990211_manip.tif,iPhone-4s
img_995e902_unalt.tif,Motorola-X
img_995c731_unalt.tif,Samsung-Galaxy-Note3
img_32d9c92_manip.tif,iPhone-6
img_882c281_manip.tif,Samsung-Galaxy-S4
img_4af9718_manip.tif,Samsung-Galaxy-S4
img_86c4ef9_unalt.tif,iPhone-4s
img_917816d_manip.tif,Samsung-Galaxy-S4
img_49271dc_manip.tif,Samsung-Galaxy-S4
img_f0acf39_unalt.tif,Motorola-X
img_4b8a2af_manip.tif,Samsung-Galaxy-Note3
img_dce2359_manip.tif,Motorola-Droid-Maxx
img_64a4b04_unalt.tif,Samsung-Galaxy-Note3
img_4581af5_manip.tif,Motorola-Droid-Maxx
img_eb9c0bd_manip.tif,iPhone-4s
img_5a7e485_manip.tif,HTC-1-M7
img_327b547_unalt.tif,iPhone-6
img_5494acb_unalt.tif,Samsung-Galaxy-S4
img_749b2e6_unalt.tif,HTC-1-M7
img_d87a7d7_manip.tif,Samsung-Galaxy-S4
img_d640f1a_unalt.tif,Motorola-Droid-Maxx
img_58abdf1_unalt.tif,Motorola-Nexus-6
img_026bb24_manip.tif,LG-Nexus-5x
img_1485deb_manip.tif,HTC-1-M7
img_5beebcf_manip.tif,iPhone-6
img_315d3e9_manip.tif,HTC-1-M7
img_cd3934b_manip.tif,LG-Nexus-5x
img_664cf0d_manip.tif,Sony-NEX-7
img_74e4adc_manip.tif,Samsung-Galaxy-Note3
img_0a3162a_unalt.tif,Motorola-X
img_065a534_unalt.tif,HTC-1-M7
img_b2440fc_manip.tif,HTC-1-M7
img_a37eb3c_manip.tif,HTC-1-M7
img_9f79e6a_manip.tif,HTC-1-M7
img_4f1f38b_manip.tif,Motorola-Droid-Maxx
img_d3c96c9_manip.tif,LG-Nexus-5x
img_74adaf6_unalt.tif,LG-Nexus-5x
img_c6f7f06_manip.tif,Samsung-Galaxy-Note3
img_a12e859_unalt.tif,iPhone-4s
img_3121079_manip.tif,Motorola-Droid-Maxx
img_753fa7a_unalt.tif,Samsung-Galaxy-S4
img_9d871cf_unalt.tif,Samsung-Galaxy-Note3
img_7967596_manip.tif,iPhone-6
img_1089a72_unalt.tif,iPhone-4s
img_129f650_unalt.tif,iPhone-4s
img_a017012_unalt.tif,Motorola-Nexus-6
img_8cc06fa_unalt.tif,HTC-1-M7
img_714f4c6_unalt.tif,iPhone-4s
img_5cd6247_manip.tif,Motorola-Droid-Maxx
img_0353f58_unalt.tif,iPhone-6
img_414a368_manip.tif,HTC-1-M7
img_5446b37_unalt.tif,HTC-1-M7
img_8338ab8_manip.tif,Motorola-X
img_ad4c4f5_manip.tif,Samsung-Galaxy-S4
img_fbd81ca_manip.tif,Motorola-Nexus-6
img_271d50f_manip.tif,Motorola-X
img_7cd639e_manip.tif,Samsung-Galaxy-S4
img_3b9ac10_unalt.tif,iPhone-6
img_ed53b59_manip.tif,iPhone-4s
img_857502e_manip.tif,Samsung-Galaxy-S4
img_a840ac1_manip.tif,Samsung-Galaxy-S4
img_57e041a_unalt.tif,HTC-1-M7
img_d8cbe5b_manip.tif,iPhone-6
img_48baf15_unalt.tif,Motorola-Nexus-6
img_6df1abe_manip.tif,Samsung-Galaxy-Note3
img_5b1f002_manip.tif,iPhone-4s
img_5c303f5_unalt.tif,Samsung-Galaxy-S4
img_ad9e458_unalt.tif,HTC-1-M7
img_a7b1237_unalt.tif,Motorola-Nexus-6
img_69e3002_manip.tif,iPhone-4s
img_6bbedb2_manip.tif,HTC-1-M7
img_5e1052d_manip.tif,HTC-1-M7
img_3c00f0f_manip.tif,Samsung-Galaxy-Note3
img_31ec479_manip.tif,iPhone-4s
img_2cdaf74_unalt.tif,iPhone-4s
img_22bad30_manip.tif,Motorola-X
img_481ce89_manip.tif,Motorola-X
img_0e0f190_unalt.tif,HTC-1-M7
img_59df8db_unalt.tif,iPhone-6
img_aad6334_unalt.tif,Samsung-Galaxy-Note3
img_1c26659_unalt.tif,Samsung-Galaxy-Note3
img_14d4f03_unalt.tif,HTC-1-M7
img_7093d35_manip.tif,Motorola-X
img_8dcbf4e_manip.tif,HTC-1-M7
img_a9dd3c3_manip.tif,Motorola-Droid-Maxx
img_939ba41_manip.tif,iPhone-4s
img_f44719d_unalt.tif,LG-Nexus-5x
img_a627da0_unalt.tif,LG-Nexus-5x
img_f6d12df_manip.tif,iPhone-4s
img_19d0db1_unalt.tif,Samsung-Galaxy-Note3
img_b421779_manip.tif,HTC-1-M7
img_43c69c6_unalt.tif,Samsung-Galaxy-S4
img_41bfd02_unalt.tif,Motorola-Nexus-6
img_124561f_manip.tif,Samsung-Galaxy-S4
img_f51e924_unalt.tif,LG-Nexus-5x
img_11597c6_manip.tif,HTC-1-M7
img_8749dde_unalt.tif,iPhone-4s
img_c278264_unalt.tif,Motorola-X
img_afee55f_unalt.tif,LG-Nexus-5x
img_bce2e75_manip.tif,iPhone-6
img_d9aee67_manip.tif,Sony-NEX-7
img_ee23eb3_manip.tif,Samsung-Galaxy-Note3
img_f865bae_manip.tif,Motorola-X
img_00d0e3b_unalt.tif,Motorola-X
img_fb2dc2d_manip.tif,Sony-NEX-7
img_3666cd3_manip.tif,iPhone-4s
img_c65cb5e_unalt.tif,Motorola-X
img_e357ad1_manip.tif,Samsung-Galaxy-S4
img_dd755d6_unalt.tif,Sony-NEX-7
img_feb1e63_manip.tif,Motorola-Droid-Maxx
img_f62f3e2_unalt.tif,iPhone-6
img_b57dde1_manip.tif,Motorola-Nexus-6
img_70ec117_manip.tif,Samsung-Galaxy-Note3
img_9afad85_unalt.tif,iPhone-6
img_802ad25_unalt.tif,Samsung-Galaxy-Note3
img_30c2999_unalt.tif,LG-Nexus-5x
img_7d17764_manip.tif,iPhone-4s
img_472254f_unalt.tif,HTC-1-M7
img_2015c32_manip.tif,Motorola-X
img_7368be7_manip.tif,iPhone-6
img_c62cab6_manip.tif,Motorola-Droid-Maxx
img_ad8f4fa_unalt.tif,HTC-1-M7
img_8dcc90c_manip.tif,Samsung-Galaxy-S4
img_3ec3ef1_manip.tif,Samsung-Galaxy-Note3
img_7b7de62_manip.tif,HTC-1-M7
img_dfccb89_unalt.tif,Samsung-Galaxy-Note3
img_fea6aef_manip.tif,Samsung-Galaxy-S4
img_b82cf6f_manip.tif,iPhone-4s
img_0477f29_unalt.tif,HTC-1-M7
img_e062259_unalt.tif,Motorola-X
img_88bdaec_unalt.tif,iPhone-6
img_a30984c_manip.tif,Samsung-Galaxy-S4
img_356d936_manip.tif,LG-Nexus-5x
img_6dd512f_manip.tif,Motorola-Nexus-6
img_6ebfc13_unalt.tif,LG-Nexus-5x
img_a847f94_unalt.tif,Motorola-Nexus-6
img_050d527_manip.tif,Motorola-Droid-Maxx
img_e4d76ce_manip.tif,Samsung-Galaxy-Note3
img_c2ba760_unalt.tif,Samsung-Galaxy-Note3
img_77b13e1_unalt.tif,Samsung-Galaxy-S4
img_9aeca64_manip.tif,Motorola-Droid-Maxx
img_dcb50fd_unalt.tif,iPhone-6
img_e18199a_manip.tif,Motorola-Droid-Maxx
img_e64a308_manip.tif,Motorola-X
img_25ee82d_unalt.tif,HTC-1-M7
img_0c6d42f_manip.tif,Motorola-Droid-Maxx
img_7621462_manip.tif,Samsung-Galaxy-S4
img_f063a51_manip.tif,Motorola-Droid-Maxx
img_f319d9a_unalt.tif,Samsung-Galaxy-S4
img_0a0022e_manip.tif,LG-Nexus-5x
img_b193d35_manip.tif,HTC-1-M7
img_5bd94d7_manip.tif,Motorola-Droid-Maxx
img_ae09094_manip.tif,Motorola-X
img_dd6a77e_manip.tif,Motorola-Droid-Maxx
img_eda5cf0_unalt.tif,Motorola-X
img_2b01f01_manip.tif,Sony-NEX-7
img_3e66071_manip.tif,Motorola-Droid-Maxx
img_cbbd227_manip.tif,Motorola-Droid-Maxx
img_51ba796_unalt.tif,iPhone-4s
img_0f07b82_unalt.tif,Samsung-Galaxy-S4
img_4ef67b5_unalt.tif,iPhone-6
img_5cec2ef_manip.tif,Motorola-Nexus-6
img_48c08f4_unalt.tif,LG-Nexus-5x
img_717e046_unalt.tif,Sony-NEX-7
img_6902219_manip.tif,Motorola-X
img_429e08a_unalt.tif,Samsung-Galaxy-S4
img_d618d4f_unalt.tif,iPhone-6
img_d63ac47_manip.tif,HTC-1-M7
img_4a87ea3_unalt.tif,Motorola-X
img_4399dde_manip.tif,Samsung-Galaxy-S4
img_a692042_manip.tif,Samsung-Galaxy-Note3
img_d7c7212_unalt.tif,Samsung-Galaxy-Note3
img_1d5c9a8_manip.tif,Motorola-Nexus-6
img_9148a10_manip.tif,Samsung-Galaxy-S4
img_1333367_manip.tif,LG-Nexus-5x
img_bc5dd45_manip.tif,iPhone-4s
img_1c6b96f_unalt.tif,iPhone-4s
img_03e34e4_manip.tif,Samsung-Galaxy-Note3
img_47f08fd_manip.tif,LG-Nexus-5x
img_78f3a46_unalt.tif,Motorola-Droid-Maxx
img_f258c47_manip.tif,LG-Nexus-5x
img_18b95a4_unalt.tif,iPhone-6
img_c4e8046_unalt.tif,LG-Nexus-5x
img_592f4e4_unalt.tif,Samsung-Galaxy-S4
img_961207b_unalt.tif,LG-Nexus-5x
img_4696039_manip.tif,Motorola-X
img_85bcf56_manip.tif,Motorola-Droid-Maxx
img_58702d7_unalt.tif,Samsung-Galaxy-S4
img_ee72d58_manip.tif,LG-Nexus-5x
img_3fb6aef_unalt.tif,Motorola-Nexus-6
img_13cb43d_manip.tif,Samsung-Galaxy-Note3
img_4382e25_manip.tif,Samsung-Galaxy-Note3
img_40a9f09_manip.tif,HTC-1-M7
img_a086635_unalt.tif,Motorola-X
img_67fa193_manip.tif,LG-Nexus-5x
img_6c029d7_manip.tif,Motorola-Nexus-6
img_62b2b45_manip.tif,LG-Nexus-5x
img_816ada2_manip.tif,HTC-1-M7
img_327090b_manip.tif,iPhone-4s
img_db4d4d4_unalt.tif,Samsung-Galaxy-S4
img_f2fd49e_unalt.tif,iPhone-4s
img_82252e8_unalt.tif,iPhone-6
img_2eaaf7f_manip.tif,Motorola-X
img_b351e2a_manip.tif,Samsung-Galaxy-S4
img_657f195_manip.tif,HTC-1-M7
img_77cf751_unalt.tif,Motorola-Droid-Maxx
img_1529b7a_unalt.tif,Samsung-Galaxy-Note3
img_37066f9_manip.tif,Motorola-X
img_493e7b8_manip.tif,LG-Nexus-5x
img_8dbdbe1_manip.tif,Motorola-X
img_4f6e72b_unalt.tif,Sony-NEX-7
img_aa93801_manip.tif,Samsung-Galaxy-Note3
img_6504ef3_unalt.tif,HTC-1-M7
img_799fba0_manip.tif,LG-Nexus-5x
img_8f5ec81_manip.tif,HTC-1-M7
img_4561f28_manip.tif,iPhone-6
img_74ea72c_manip.tif,HTC-1-M7
img_74defa7_unalt.tif,HTC-1-M7
img_4df3673_manip.tif,iPhone-4s
img_c741f6e_manip.tif,Motorola-X
img_dde647d_manip.tif,iPhone-4s
img_0f9b9d5_unalt.tif,iPhone-4s
img_5bbb295_manip.tif,Samsung-Galaxy-Note3
img_e625df6_manip.tif,HTC-1-M7
img_1643b5d_manip.tif,Samsung-Galaxy-S4
img_b904f62_manip.tif,Samsung-Galaxy-Note3
img_26839f8_unalt.tif,Motorola-Nexus-6
img_b39496f_manip.tif,Sony-NEX-7
img_0609bc8_unalt.tif,iPhone-6
img_c3a5247_unalt.tif,HTC-1-M7
img_bd06f4a_unalt.tif,Motorola-X
img_3e55c2b_unalt.tif,Samsung-Galaxy-Note3
img_d822b16_unalt.tif,iPhone-4s
img_9f6294a_manip.tif,iPhone-4s
img_156a783_manip.tif,iPhone-6
img_5c3ba71_unalt.tif,iPhone-6
img_7453976_manip.tif,Samsung-Galaxy-Note3
img_cdf07d5_unalt.tif,iPhone-4s
img_4e03326_unalt.tif,Samsung-Galaxy-S4
img_ce21927_manip.tif,Motorola-Droid-Maxx
img_2521d9a_unalt.tif,Samsung-Galaxy-Note3
img_c7b3184_manip.tif,iPhone-4s
img_c1dd959_manip.tif,Motorola-Nexus-6
img_a8a6cf8_unalt.tif,iPhone-6
img_b32698f_unalt.tif,Samsung-Galaxy-S4
img_0eed6d2_manip.tif,Motorola-Droid-Maxx
img_cc70d01_manip.tif,Motorola-Droid-Maxx
img_f485b4f_unalt.tif,Samsung-Galaxy-S4
img_f0237a8_manip.tif,iPhone-4s
img_a4a118f_manip.tif,Samsung-Galaxy-S4
img_f66c376_unalt.tif,Motorola-Droid-Maxx
img_4d8deae_manip.tif,Motorola-Droid-Maxx
img_658b5ca_unalt.tif,Motorola-X
img_015b5e1_unalt.tif,Samsung-Galaxy-Note3
img_98a865f_unalt.tif,iPhone-6
img_4ecf5d2_unalt.tif,iPhone-6
img_19d1275_unalt.tif,Samsung-Galaxy-S4
img_79fdea0_manip.tif,iPhone-4s
img_49ac5ed_unalt.tif,Motorola-X
img_ef04deb_manip.tif,iPhone-4s
img_3fc80a6_unalt.tif,Samsung-Galaxy-Note3
img_90afa9d_unalt.tif,Samsung-Galaxy-S4
img_7f05ef2_unalt.tif,Motorola-Nexus-6
img_cebdf8a_manip.tif,Samsung-Galaxy-S4
img_3135be9_manip.tif,Motorola-Droid-Maxx
img_6718ee1_manip.tif,Motorola-Droid-Maxx
img_3e79b1e_manip.tif,Sony-NEX-7
img_2f5f232_unalt.tif,Sony-NEX-7
img_9ef5b7d_unalt.tif,HTC-1-M7
img_116c570_unalt.tif,Motorola-Droid-Maxx
img_0f62863_unalt.tif,LG-Nexus-5x
img_d437a20_unalt.tif,Samsung-Galaxy-S4
img_0850041_unalt.tif,iPhone-6
img_52a07d1_manip.tif,iPhone-4s
img_84ef77c_manip.tif,HTC-1-M7
img_4a91ce8_manip.tif,LG-Nexus-5x
img_417fbe5_manip.tif,HTC-1-M7
img_103a8d3_manip.tif,iPhone-4s
img_5214b5f_unalt.tif,Motorola-X
img_0912d59_manip.tif,Motorola-Nexus-6
img_b1a68ab_unalt.tif,Motorola-Droid-Maxx
img_8d9842a_unalt.tif,LG-Nexus-5x
img_867a314_manip.tif,Samsung-Galaxy-Note3
img_490b339_unalt.tif,iPhone-6
img_5cfd1c3_unalt.tif,iPhone-4s
img_a451e7e_unalt.tif,LG-Nexus-5x
img_da56c08_manip.tif,Sony-NEX-7
img_2b9d303_unalt.tif,iPhone-4s
img_252d67d_manip.tif,HTC-1-M7
img_2b16b3f_unalt.tif,Motorola-X
img_a6c7de9_unalt.tif,Motorola-Nexus-6
img_d5fbdf3_manip.tif,Motorola-X
img_5585bcb_manip.tif,HTC-1-M7
img_d4ee169_unalt.tif,Samsung-Galaxy-Note3
img_e12d43c_unalt.tif,iPhone-6
img_c0a0d4e_unalt.tif,iPhone-6
img_43e6619_unalt.tif,Motorola-X
img_ac620ba_manip.tif,Samsung-Galaxy-Note3
img_261035b_unalt.tif,Samsung-Galaxy-Note3
img_cd1410b_manip.tif,Sony-NEX-7
img_e574785_manip.tif,Motorola-Droid-Maxx
img_d06d147_unalt.tif,Motorola-Droid-Maxx
img_7c6f914_unalt.tif,Samsung-Galaxy-S4
img_1411f14_manip.tif,Samsung-Galaxy-Note3
img_465c9f7_unalt.tif,LG-Nexus-5x
img_9ab4248_manip.tif,iPhone-4s
img_95e014d_manip.tif,Samsung-Galaxy-Note3
img_e2c0574_unalt.tif,Motorola-X
img_cada90d_unalt.tif,Samsung-Galaxy-S4
img_4db24f4_unalt.tif,iPhone-4s
img_4d2deef_manip.tif,iPhone-6
img_67bf020_unalt.tif,Sony-NEX-7
img_6daf08c_unalt.tif,Motorola-Nexus-6
img_722aaec_manip.tif,LG-Nexus-5x
img_d30e30f_unalt.tif,Samsung-Galaxy-Note3
img_a18d44a_manip.tif,Samsung-Galaxy-S4
img_14988d2_unalt.tif,iPhone-6
img_e60e269_manip.tif,Samsung-Galaxy-Note3
img_13da69c_unalt.tif,HTC-1-M7
img_d2610d7_unalt.tif,iPhone-4s
img_c50723a_unalt.tif,iPhone-6
img_2e2eaad_manip.tif,Samsung-Galaxy-S4
img_b80a654_manip.tif,Motorola-Nexus-6
img_364bd2a_manip.tif,HTC-1-M7
img_c8a843f_manip.tif,iPhone-6
img_1cdb2ef_manip.tif,HTC-1-M7
img_b3f7525_manip.tif,Motorola-Nexus-6
img_a7ad894_manip.tif,iPhone-6
img_dca5577_manip.tif,iPhone-4s
img_04f3d0d_manip.tif,iPhone-4s
img_ab0fa75_unalt.tif,Sony-NEX-7
img_4806a14_manip.tif,Motorola-X
img_8fa0abd_manip.tif,iPhone-4s
img_ec08445_manip.tif,iPhone-4s
img_d391efc_manip.tif,Samsung-Galaxy-Note3
img_b5e2e4a_unalt.tif,Motorola-Droid-Maxx
img_2d9f12f_unalt.tif,Samsung-Galaxy-Note3
img_0b38181_manip.tif,LG-Nexus-5x
img_5ae340b_manip.tif,Motorola-X
img_4738d8f_manip.tif,Motorola-Droid-Maxx
img_9fb1b20_unalt.tif,iPhone-4s
img_5affcd9_manip.tif,LG-Nexus-5x
img_668b86f_unalt.tif,Samsung-Galaxy-Note3
img_1b5007a_unalt.tif,Motorola-X
img_724fab9_unalt.tif,Motorola-X
img_1b3af7a_unalt.tif,Samsung-Galaxy-S4
img_07946c1_manip.tif,Samsung-Galaxy-S4
img_e812d5b_manip.tif,HTC-1-M7
img_a64cf7c_manip.tif,Sony-NEX-7
img_d6f25f7_unalt.tif,Samsung-Galaxy-Note3
img_7fcba00_manip.tif,Samsung-Galaxy-S4
img_ad43a84_unalt.tif,iPhone-6
img_f85eb1b_unalt.tif,Motorola-X
img_3b978ad_manip.tif,iPhone-4s
img_36a3d54_manip.tif,iPhone-4s
img_86d8394_unalt.tif,LG-Nexus-5x
img_05eb1a4_unalt.tif,Sony-NEX-7
img_0907782_manip.tif,Samsung-Galaxy-S4
img_0c983bc_manip.tif,Motorola-Droid-Maxx
img_6a39b01_unalt.tif,HTC-1-M7
img_6e263fa_manip.tif,iPhone-4s
img_27f4576_manip.tif,Motorola-Droid-Maxx
img_33395f5_manip.tif,HTC-1-M7
img_b2c1b65_unalt.tif,Motorola-X
img_afbbef5_manip.tif,HTC-1-M7
img_8a540d9_manip.tif,Samsung-Galaxy-Note3
img_ac37a46_unalt.tif,LG-Nexus-5x
img_4b13a36_manip.tif,Motorola-Droid-Maxx
img_d32f7ac_manip.tif,Motorola-Nexus-6
img_37fb190_manip.tif,LG-Nexus-5x
img_77baa1b_unalt.tif,Samsung-Galaxy-S4
img_27b59fc_unalt.tif,LG-Nexus-5x
img_e1b9edd_unalt.tif,iPhone-4s
img_6124fca_manip.tif,Samsung-Galaxy-Note3
img_3347e3e_unalt.tif,Motorola-Nexus-6
img_7553eed_manip.tif,Motorola-Nexus-6
img_4308662_manip.tif,Motorola-Nexus-6
img_ab11de9_manip.tif,Samsung-Galaxy-Note3
img_4215e85_unalt.tif,Samsung-Galaxy-S4
img_3389bfd_manip.tif,Samsung-Galaxy-S4
img_ddcdb92_unalt.tif,Motorola-Nexus-6
img_22c1307_manip.tif,Motorola-Droid-Maxx
img_1209f33_manip.tif,Samsung-Galaxy-S4
img_8bfb947_manip.tif,Samsung-Galaxy-Note3
img_c7a2a38_unalt.tif,Motorola-X
img_b90c009_unalt.tif,HTC-1-M7
img_295b552_unalt.tif,Motorola-Droid-Maxx
img_b22738d_manip.tif,Samsung-Galaxy-S4
img_9146154_unalt.tif,iPhone-4s
img_08870e3_unalt.tif,Samsung-Galaxy-Note3
img_282d712_manip.tif,Motorola-Droid-Maxx
img_4ffe03d_manip.tif,LG-Nexus-5x
img_4955956_unalt.tif,Samsung-Galaxy-Note3
img_987dd53_manip.tif,Motorola-Droid-Maxx
img_6155d84_manip.tif,Samsung-Galaxy-S4
img_6255cc1_unalt.tif,Motorola-Droid-Maxx
img_1d5c8b9_unalt.tif,Motorola-Nexus-6
img_49fa480_manip.tif,Motorola-Droid-Maxx
img_bc528bb_unalt.tif,Samsung-Galaxy-Note3
img_a16aecd_unalt.tif,Motorola-Nexus-6
img_33d74ee_manip.tif,Motorola-Nexus-6
img_fe1daa1_manip.tif,Sony-NEX-7
img_a477590_manip.tif,iPhone-4s
img_80745a0_unalt.tif,LG-Nexus-5x
img_06efe43_manip.tif,Samsung-Galaxy-Note3
img_45e47d2_unalt.tif,LG-Nexus-5x
img_8321414_unalt.tif,LG-Nexus-5x
img_d0fff74_unalt.tif,Samsung-Galaxy-Note3
img_805581e_manip.tif,Motorola-Nexus-6
img_db3ab9e_unalt.tif,Motorola-Droid-Maxx
img_5d6f00b_unalt.tif,iPhone-4s
img_235b3f6_unalt.tif,LG-Nexus-5x
img_602487a_unalt.tif,iPhone-4s
img_2fc2ae9_manip.tif,Sony-NEX-7
img_2d5971e_manip.tif,Motorola-Droid-Maxx
img_4c1389e_unalt.tif,iPhone-6
img_db70181_manip.tif,iPhone-6
img_945a340_unalt.tif,Motorola-Nexus-6
img_6ab4c60_manip.tif,LG-Nexus-5x
img_9967758_unalt.tif,Motorola-X
img_3e33080_unalt.tif,iPhone-6
img_4b25b5e_unalt.tif,Motorola-Nexus-6
img_6d98ef1_manip.tif,Samsung-Galaxy-Note3
img_6a7b1ef_manip.tif,Samsung-Galaxy-S4
img_f49bdc6_manip.tif,LG-Nexus-5x
img_38aecf4_unalt.tif,Motorola-X
img_a53e511_manip.tif,HTC-1-M7
img_7b88784_manip.tif,Samsung-Galaxy-Note3
img_c69d023_manip.tif,Motorola-Droid-Maxx
img_10c350e_unalt.tif,Motorola-Droid-Maxx
img_0f07519_manip.tif,Samsung-Galaxy-S4
img_d5a497f_unalt.tif,iPhone-4s
img_27aba64_unalt.tif,Motorola-Droid-Maxx
img_86fb0da_unalt.tif,Motorola-Nexus-6
img_d08131e_unalt.tif,iPhone-4s
img_deed1f9_manip.tif,Motorola-Droid-Maxx
img_663d49f_manip.tif,HTC-1-M7
img_faad203_unalt.tif,HTC-1-M7
img_e2a5607_manip.tif,iPhone-4s
img_0e1d30e_unalt.tif,Samsung-Galaxy-S4
img_72dce6b_unalt.tif,HTC-1-M7
img_f1d0b0d_unalt.tif,iPhone-6
img_76ac634_manip.tif,HTC-1-M7
img_eae9b1a_manip.tif,iPhone-4s
img_fdf8c14_unalt.tif,iPhone-6
img_30c4706_manip.tif,Motorola-Droid-Maxx
img_d0e2006_unalt.tif,Samsung-Galaxy-Note3
img_20cf919_manip.tif,Samsung-Galaxy-S4
img_3eafcee_manip.tif,Samsung-Galaxy-S4
img_1d4a1fa_manip.tif,Motorola-X
img_3602bb7_unalt.tif,Samsung-Galaxy-Note3
img_ab86fa3_unalt.tif,Motorola-X
img_61c1278_unalt.tif,HTC-1-M7
img_1398598_manip.tif,Samsung-Galaxy-Note3
img_1403c3d_unalt.tif,iPhone-6
img_d49b7a2_manip.tif,Samsung-Galaxy-S4
img_69c9f2c_unalt.tif,Motorola-X
img_e8a6683_unalt.tif,iPhone-6
img_7a0c5a1_manip.tif,Motorola-Droid-Maxx
img_5a63894_manip.tif,Samsung-Galaxy-S4
img_b6ff3eb_unalt.tif,Samsung-Galaxy-Note3
img_e9370cd_manip.tif,Motorola-Droid-Maxx
img_f31d192_unalt.tif,Motorola-Droid-Maxx
img_3acc6b6_unalt.tif,Samsung-Galaxy-Note3
img_1f68a70_manip.tif,Motorola-Droid-Maxx
img_0bc68cc_manip.tif,Motorola-Droid-Maxx
img_4ed2df9_manip.tif,LG-Nexus-5x
img_37eca65_manip.tif,Motorola-Nexus-6
img_3abc3c6_unalt.tif,HTC-1-M7
img_cb62e20_manip.tif,HTC-1-M7
img_cd121d4_manip.tif,iPhone-4s
img_eac6803_manip.tif,iPhone-4s
img_1d31615_unalt.tif,Samsung-Galaxy-S4
img_0211120_unalt.tif,Samsung-Galaxy-Note3
img_7e9a3e5_manip.tif,Motorola-Droid-Maxx
img_076637f_manip.tif,Samsung-Galaxy-S4
img_e8b4c2e_manip.tif,LG-Nexus-5x
img_8fae607_manip.tif,Motorola-Droid-Maxx
img_abbc58d_unalt.tif,Motorola-X
img_675c42f_unalt.tif,Samsung-Galaxy-S4
img_77dcc27_unalt.tif,Samsung-Galaxy-S4
img_417c8f6_manip.tif,Motorola-X
img_5b5bb54_manip.tif,LG-Nexus-5x
img_5d6bd17_manip.tif,Samsung-Galaxy-S4
img_aafe00b_unalt.tif,Samsung-Galaxy-S4
img_ae105b4_unalt.tif,HTC-1-M7
img_953b8fd_manip.tif,Motorola-X
img_12f5de5_manip.tif,Motorola-Droid-Maxx
img_b49a315_manip.tif,Motorola-Droid-Maxx
img_38bad84_unalt.tif,iPhone-4s
img_283cfaa_manip.tif,HTC-1-M7
img_3f7752f_manip.tif,Samsung-Galaxy-S4
img_f68e6ca_unalt.tif,iPhone-4s
img_4d848da_manip.tif,iPhone-4s
img_c369561_unalt.tif,iPhone-6
img_5250541_unalt.tif,Motorola-Droid-Maxx
img_7dbc0cf_unalt.tif,Samsung-Galaxy-Note3
img_e24bf3c_manip.tif,Motorola-Droid-Maxx
img_d18503a_manip.tif,LG-Nexus-5x
img_e2f8471_manip.tif,iPhone-6
img_3b9f992_manip.tif,Motorola-Nexus-6
img_95c7361_unalt.tif,Motorola-Droid-Maxx
img_25531fd_unalt.tif,iPhone-6
img_8d0d869_manip.tif,Motorola-Nexus-6
img_1af3026_unalt.tif,Samsung-Galaxy-Note3
img_290d31f_manip.tif,Sony-NEX-7
img_3702c6b_unalt.tif,HTC-1-M7
img_5eca87f_manip.tif,Motorola-Droid-Maxx
img_6c9373d_manip.tif,Motorola-Droid-Maxx
img_18d5562_unalt.tif,Motorola-X
img_181d113_manip.tif,iPhone-4s
img_e847214_unalt.tif,Sony-NEX-7
img_e214e17_unalt.tif,iPhone-6
img_2ef8ca6_unalt.tif,Motorola-Droid-Maxx
img_d96c2d4_manip.tif,Motorola-Nexus-6
img_16a2cf4_unalt.tif,HTC-1-M7
img_d77210f_manip.tif,LG-Nexus-5x
img_1f3d363_manip.tif,Motorola-X
img_1866471_manip.tif,iPhone-4s
img_5ad9168_manip.tif,Motorola-Droid-Maxx
img_941c44c_unalt.tif,HTC-1-M7
img_e1c780e_manip.tif,Motorola-Nexus-6
img_d051492_unalt.tif,HTC-1-M7
img_1455ce4_unalt.tif,iPhone-4s
img_90c8a1c_unalt.tif,HTC-1-M7
img_9bd156c_manip.tif,iPhone-4s
img_2788524_unalt.tif,Samsung-Galaxy-S4
img_9ae9258_manip.tif,Samsung-Galaxy-S4
img_94a2e0b_unalt.tif,iPhone-4s
img_8158245_unalt.tif,LG-Nexus-5x
img_84f726a_manip.tif,Motorola-Droid-Maxx
img_7ef15c1_unalt.tif,Motorola-X
img_3c95909_manip.tif,Samsung-Galaxy-Note3
img_b9b01bd_unalt.tif,Motorola-X
img_f5aee1d_manip.tif,iPhone-6
img_832b58f_unalt.tif,Motorola-Droid-Maxx
img_101ac53_unalt.tif,Samsung-Galaxy-Note3
img_97f1734_manip.tif,Motorola-Nexus-6
img_c9f2d18_unalt.tif,iPhone-4s
img_97c2c58_unalt.tif,Samsung-Galaxy-S4
img_9c3c9d9_unalt.tif,iPhone-6
img_e247e1f_manip.tif,Motorola-Droid-Maxx
img_ecfca2e_unalt.tif,iPhone-6
img_908007a_unalt.tif,Motorola-Droid-Maxx
img_3c7e18f_manip.tif,Motorola-Droid-Maxx
img_d25b31a_manip.tif,Motorola-X
img_7d1d284_unalt.tif,Motorola-Nexus-6
img_890287f_unalt.tif,Motorola-Nexus-6
img_d5a286d_manip.tif,Motorola-Nexus-6
img_31a7f06_unalt.tif,Motorola-X
img_671336b_manip.tif,Motorola-Nexus-6
img_b046636_manip.tif,Samsung-Galaxy-S4
img_0867a8a_unalt.tif,Samsung-Galaxy-S4
img_fe9e387_unalt.tif,Samsung-Galaxy-Note3
img_ad278d1_unalt.tif,Motorola-Nexus-6
img_36b9e90_unalt.tif,iPhone-6
img_389f321_manip.tif,Sony-NEX-7
img_f661fad_unalt.tif,Samsung-Galaxy-Note3
img_28da8f4_manip.tif,Samsung-Galaxy-Note3
img_f15eb73_unalt.tif,Motorola-Droid-Maxx
img_a7cf8cb_unalt.tif,iPhone-6
img_4db8b87_manip.tif,Samsung-Galaxy-S4
img_33dafd3_unalt.tif,Motorola-Nexus-6
img_a9c0694_unalt.tif,iPhone-4s
img_f0b1c9c_unalt.tif,Samsung-Galaxy-S4
img_ed5f4ad_manip.tif,LG-Nexus-5x
img_bf3f738_unalt.tif,LG-Nexus-5x
img_6560108_manip.tif,LG-Nexus-5x
img_8ed2932_unalt.tif,HTC-1-M7
img_b3de99a_unalt.tif,iPhone-4s
img_4e6dbf5_manip.tif,LG-Nexus-5x
img_2413844_unalt.tif,Motorola-X
img_2cc6262_unalt.tif,HTC-1-M7
img_6634c9c_manip.tif,Motorola-X
img_400bce0_manip.tif,Motorola-X
img_a2a9c20_manip.tif,Motorola-Droid-Maxx
img_6ce4249_unalt.tif,iPhone-6
img_058fdeb_unalt.tif,Motorola-Nexus-6
img_5ba3eb4_manip.tif,HTC-1-M7
img_a8c9a98_unalt.tif,iPhone-4s
img_7a76811_unalt.tif,iPhone-6
img_2cafaee_manip.tif,Motorola-Nexus-6
img_10d4985_manip.tif,HTC-1-M7
img_5503eb4_manip.tif,Samsung-Galaxy-Note3
img_c4c9bc7_unalt.tif,iPhone-6
img_f8ab676_unalt.tif,iPhone-6
img_9b70d76_unalt.tif,iPhone-4s
img_27e6217_manip.tif,HTC-1-M7
img_e90ce3d_unalt.tif,Samsung-Galaxy-S4
img_e5bf834_manip.tif,LG-Nexus-5x
img_3b3c8bc_manip.tif,Motorola-X
img_7fe58c8_manip.tif,HTC-1-M7
img_213468b_manip.tif,Motorola-X
img_0b9b529_unalt.tif,LG-Nexus-5x
img_23e0fcb_unalt.tif,Samsung-Galaxy-S4
img_d410f3b_unalt.tif,Motorola-X
img_54e4c91_manip.tif,Motorola-Droid-Maxx
img_ab9fc55_unalt.tif,iPhone-4s
img_df3c9d3_unalt.tif,Samsung-Galaxy-Note3
img_78c6628_manip.tif,Motorola-Nexus-6
img_f2c1ae9_unalt.tif,iPhone-4s
img_e44569f_unalt.tif,Motorola-Nexus-6
img_4fd16af_unalt.tif,Samsung-Galaxy-Note3
img_c2f768b_unalt.tif,Motorola-Nexus-6
img_603c5b5_manip.tif,Motorola-Droid-Maxx
img_ba8ea4f_manip.tif,iPhone-4s
img_f0b5d66_unalt.tif,iPhone-4s
img_62eb864_manip.tif,Samsung-Galaxy-Note3
img_27446ac_manip.tif,LG-Nexus-5x
img_26e435d_unalt.tif,Samsung-Galaxy-S4
img_b2151b6_unalt.tif,Motorola-X
img_32557e3_unalt.tif,iPhone-6
img_691d96e_manip.tif,Sony-NEX-7
img_3a4dab4_unalt.tif,iPhone-4s
img_86e5604_unalt.tif,Samsung-Galaxy-S4
img_a3b2903_manip.tif,Samsung-Galaxy-S4
img_be81a72_unalt.tif,Motorola-Droid-Maxx
img_bcc98af_unalt.tif,Samsung-Galaxy-S4
img_03faa77_manip.tif,Motorola-Droid-Maxx
img_701167b_manip.tif,Motorola-X
img_ea1c998_manip.tif,Samsung-Galaxy-S4
img_c28a115_unalt.tif,Samsung-Galaxy-S4
img_551b929_unalt.tif,Samsung-Galaxy-Note3
img_e08ccfb_unalt.tif,iPhone-4s
img_6d0003c_manip.tif,LG-Nexus-5x
img_5df88bc_unalt.tif,iPhone-4s
img_30946c8_unalt.tif,Motorola-Nexus-6
img_3043507_unalt.tif,Samsung-Galaxy-Note3
img_4c81a3e_unalt.tif,iPhone-6
img_b675f79_manip.tif,LG-Nexus-5x
img_9598ec7_unalt.tif,Samsung-Galaxy-Note3
img_6baf72f_manip.tif,LG-Nexus-5x
img_6ef0927_unalt.tif,LG-Nexus-5x
img_7880cc6_manip.tif,HTC-1-M7
img_3c69261_unalt.tif,Samsung-Galaxy-S4
img_de5a87f_unalt.tif,iPhone-6
img_c4ee568_unalt.tif,Motorola-Droid-Maxx
img_d9341f6_unalt.tif,iPhone-4s
img_fe767fe_manip.tif,HTC-1-M7
img_40bb321_unalt.tif,Samsung-Galaxy-S4
img_6cab1af_manip.tif,Sony-NEX-7
img_79e7de8_unalt.tif,iPhone-6
img_fc03eba_manip.tif,Samsung-Galaxy-S4
img_18d0ade_manip.tif,Motorola-Droid-Maxx
img_969c428_unalt.tif,Samsung-Galaxy-S4
img_6e91f12_manip.tif,Samsung-Galaxy-S4
img_f4aeab3_unalt.tif,Samsung-Galaxy-S4
img_68dedee_manip.tif,Motorola-Droid-Maxx
img_e07fde1_unalt.tif,Samsung-Galaxy-S4
img_3da839d_manip.tif,Motorola-X
img_f213e36_unalt.tif,iPhone-6
img_371b7a9_manip.tif,iPhone-4s
img_2e779c1_manip.tif,Samsung-Galaxy-Note3
img_00344b7_unalt.tif,HTC-1-M7
img_5fc3762_unalt.tif,iPhone-6
img_79ef85f_unalt.tif,HTC-1-M7
img_7f420bc_unalt.tif,Samsung-Galaxy-Note3
img_56a5e2d_unalt.tif,Samsung-Galaxy-Note3
img_4015497_manip.tif,HTC-1-M7
img_3bf0d44_unalt.tif,Samsung-Galaxy-Note3
img_564483c_manip.tif,Samsung-Galaxy-Note3
img_d1b249e_unalt.tif,iPhone-4s
img_76ed941_manip.tif,Motorola-Droid-Maxx
img_874cdcd_unalt.tif,HTC-1-M7
img_52ba50e_manip.tif,Samsung-Galaxy-Note3
img_071d3e9_manip.tif,HTC-1-M7
img_749a6e2_unalt.tif,Samsung-Galaxy-S4
img_994a5ed_unalt.tif,HTC-1-M7
img_b31dc3f_unalt.tif,iPhone-4s
img_7550636_manip.tif,iPhone-4s
img_0a21bdf_manip.tif,Motorola-X
img_f189989_unalt.tif,Samsung-Galaxy-S4
img_c8ff392_manip.tif,HTC-1-M7
img_caa18ae_manip.tif,LG-Nexus-5x
img_8f6968f_manip.tif,Samsung-Galaxy-S4
img_c187e32_unalt.tif,Samsung-Galaxy-S4
img_e5ce922_unalt.tif,LG-Nexus-5x
img_e5db267_unalt.tif,Samsung-Galaxy-Note3
img_fb2b065_unalt.tif,iPhone-4s
img_66fb031_manip.tif,iPhone-4s
img_f306718_manip.tif,HTC-1-M7
img_81cbf16_manip.tif,Motorola-Droid-Maxx
img_622930f_manip.tif,LG-Nexus-5x
img_001e31c_unalt.tif,Motorola-Nexus-6
img_b6f672c_manip.tif,LG-Nexus-5x
img_8a0b026_unalt.tif,HTC-1-M7
img_5b26a62_unalt.tif,HTC-1-M7
img_267e3f1_unalt.tif,HTC-1-M7
img_f623be1_manip.tif,iPhone-6
img_ae0c742_unalt.tif,Motorola-Droid-Maxx
img_083c983_unalt.tif,iPhone-4s
img_870457d_unalt.tif,HTC-1-M7
img_32eb21e_unalt.tif,Motorola-X
img_c364183_unalt.tif,Samsung-Galaxy-S4
img_73e76ca_unalt.tif,HTC-1-M7
img_3564f61_unalt.tif,Samsung-Galaxy-Note3
img_f3ae5ea_unalt.tif,Samsung-Galaxy-Note3
img_379d905_manip.tif,Samsung-Galaxy-Note3
img_643c988_manip.tif,Motorola-Droid-Maxx
img_9ddf429_manip.tif,iPhone-6
img_6b29334_manip.tif,Samsung-Galaxy-Note3
img_0fcf144_unalt.tif,HTC-1-M7
img_72742a4_unalt.tif,Motorola-X
img_fd991f9_manip.tif,Motorola-X
img_1bb37f3_unalt.tif,Samsung-Galaxy-S4
img_2073dbd_unalt.tif,Motorola-Nexus-6
img_66c45e2_manip.tif,Motorola-X
img_ddf0383_manip.tif,Motorola-Droid-Maxx
img_ec34c53_manip.tif,Sony-NEX-7
img_a590d69_unalt.tif,Motorola-Droid-Maxx
img_fee2c32_unalt.tif,Motorola-X
img_8293b1b_manip.tif,HTC-1-M7
img_f34deea_unalt.tif,iPhone-6
img_2b74280_manip.tif,HTC-1-M7
img_43c0c0a_unalt.tif,Motorola-X
img_b07a258_manip.tif,Motorola-Droid-Maxx
img_9d41ef0_manip.tif,iPhone-4s
img_71fecb3_unalt.tif,HTC-1-M7
img_6c0502d_unalt.tif,Samsung-Galaxy-Note3
img_c748749_unalt.tif,HTC-1-M7
img_0ef0944_unalt.tif,Sony-NEX-7
img_671699b_manip.tif,iPhone-4s
img_1f05f98_manip.tif,LG-Nexus-5x
img_750741d_manip.tif,Sony-NEX-7
img_265c7fb_unalt.tif,LG-Nexus-5x
img_6e78af6_manip.tif,Motorola-X
img_28f0fc5_unalt.tif,LG-Nexus-5x
img_7c1db75_unalt.tif,Samsung-Galaxy-Note3
img_8b9fff1_unalt.tif,HTC-1-M7
img_5b2f4fd_unalt.tif,Sony-NEX-7
img_1eb9d8f_manip.tif,HTC-1-M7
img_f38cfe6_manip.tif,Samsung-Galaxy-S4
img_73e1bcf_unalt.tif,Motorola-Droid-Maxx
img_491e0bd_unalt.tif,Sony-NEX-7
img_dbffafb_manip.tif,HTC-1-M7
img_cba1c42_unalt.tif,Samsung-Galaxy-Note3
img_c803bad_unalt.tif,LG-Nexus-5x
img_4ab0c38_unalt.tif,Motorola-Nexus-6
img_f7c56f1_manip.tif,iPhone-4s
img_d85375a_unalt.tif,HTC-1-M7
img_ef82596_manip.tif,iPhone-4s
img_80fa383_manip.tif,LG-Nexus-5x
img_b46460f_manip.tif,Samsung-Galaxy-S4
img_36b25a4_manip.tif,Motorola-Droid-Maxx
img_6eac29a_unalt.tif,Motorola-Nexus-6
img_a93694c_unalt.tif,Motorola-Nexus-6
img_2438aeb_manip.tif,Motorola-Droid-Maxx
img_355f188_unalt.tif,Samsung-Galaxy-S4
img_8c848ec_manip.tif,Motorola-X
img_73341d9_unalt.tif,iPhone-6
img_c69b97f_unalt.tif,HTC-1-M7
img_2689391_unalt.tif,Samsung-Galaxy-Note3
img_22f6746_unalt.tif,LG-Nexus-5x
img_7f11666_unalt.tif,HTC-1-M7
img_47baf77_unalt.tif,Samsung-Galaxy-Note3
img_bed868a_unalt.tif,Motorola-Nexus-6
img_e2cb0b5_unalt.tif,Motorola-Droid-Maxx
img_b841ed4_unalt.tif,Motorola-X
img_39b83c1_unalt.tif,Samsung-Galaxy-Note3
img_2b2b5f7_unalt.tif,Motorola-Nexus-6
img_b85a73b_unalt.tif,iPhone-4s
img_f17b07b_manip.tif,HTC-1-M7
img_b39bddf_manip.tif,Motorola-X
img_66c20ae_unalt.tif,Samsung-Galaxy-Note3
img_6a2ea5e_unalt.tif,Samsung-Galaxy-S4
img_1e1cbf1_manip.tif,iPhone-4s
img_e58a976_unalt.tif,Motorola-Droid-Maxx
img_aab333d_manip.tif,iPhone-4s
img_6286b86_unalt.tif,LG-Nexus-5x
img_dbf9e11_unalt.tif,iPhone-4s
img_cdd4114_manip.tif,iPhone-6
img_9abfbfc_unalt.tif,Samsung-Galaxy-Note3
img_25493b1_manip.tif,Motorola-X
img_fa785d6_unalt.tif,Samsung-Galaxy-Note3
img_309eb82_manip.tif,Samsung-Galaxy-Note3
img_6d15311_unalt.tif,LG-Nexus-5x
img_c07e738_unalt.tif,iPhone-4s
img_6481217_unalt.tif,Motorola-Nexus-6
img_d4df8c2_manip.tif,iPhone-4s
img_f310d4d_manip.tif,iPhone-4s
img_1561e68_unalt.tif,Motorola-Droid-Maxx
img_46734a3_manip.tif,Motorola-X
img_b6c00ea_manip.tif,Samsung-Galaxy-S4
img_7eade12_unalt.tif,iPhone-6
img_8f54a97_unalt.tif,Samsung-Galaxy-S4
img_c13979d_manip.tif,Motorola-Droid-Maxx
img_30d223c_unalt.tif,Motorola-Nexus-6
img_9626ba6_manip.tif,Motorola-Droid-Maxx
img_f1656bb_unalt.tif,Motorola-Droid-Maxx
img_8d94e57_manip.tif,Motorola-X
img_a26f3ea_unalt.tif,iPhone-6
img_fe16d80_unalt.tif,Motorola-Droid-Maxx
img_0f78004_unalt.tif,LG-Nexus-5x
img_a5d4811_unalt.tif,iPhone-4s
img_03a345c_unalt.tif,iPhone-6
img_1b2231a_manip.tif,Samsung-Galaxy-Note3
img_a219653_unalt.tif,iPhone-4s
img_6478124_unalt.tif,Motorola-Droid-Maxx
img_17eda59_manip.tif,LG-Nexus-5x
img_134ecee_unalt.tif,HTC-1-M7
img_b039656_manip.tif,Motorola-Droid-Maxx
img_9899a76_manip.tif,iPhone-4s
img_1f3f9fa_unalt.tif,Samsung-Galaxy-S4
img_59922ce_unalt.tif,Motorola-Droid-Maxx
img_42d06d9_manip.tif,iPhone-4s
img_4413a54_unalt.tif,Motorola-Droid-Maxx
img_0a85605_unalt.tif,Motorola-X
img_8378ed2_unalt.tif,iPhone-6
img_7be9ae1_unalt.tif,Samsung-Galaxy-Note3
img_77f031e_unalt.tif,iPhone-4s
img_16eedad_unalt.tif,Samsung-Galaxy-Note3
img_6d2b730_manip.tif,iPhone-4s
img_8f1129e_manip.tif,LG-Nexus-5x
img_1154cb7_manip.tif,iPhone-4s
img_e696ec1_unalt.tif,iPhone-6
img_4cb3a84_manip.tif,LG-Nexus-5x
img_2f6ca7b_manip.tif,Motorola-Droid-Maxx
img_8611b3e_manip.tif,HTC-1-M7
img_b192f30_manip.tif,iPhone-4s
img_a2922ae_unalt.tif,HTC-1-M7
img_578724d_unalt.tif,Motorola-Nexus-6
img_a62730c_unalt.tif,iPhone-6
img_88bd823_unalt.tif,iPhone-4s
img_35c4fec_unalt.tif,Motorola-X
img_6b91967_manip.tif,Motorola-Droid-Maxx
img_268ab37_manip.tif,HTC-1-M7
img_9138879_unalt.tif,Samsung-Galaxy-Note3
img_ed27cd5_unalt.tif,Samsung-Galaxy-S4
img_c6f7616_manip.tif,Samsung-Galaxy-Note3
img_5ed1a50_manip.tif,HTC-1-M7
img_d10da5d_manip.tif,LG-Nexus-5x
img_416f612_unalt.tif,Samsung-Galaxy-S4
img_b73097c_manip.tif,HTC-1-M7
img_3c19077_unalt.tif,iPhone-4s
img_35328d4_manip.tif,HTC-1-M7
img_8dd4add_manip.tif,Motorola-Droid-Maxx
img_3ef615a_unalt.tif,Motorola-X
img_a049616_manip.tif,HTC-1-M7
img_820daf3_unalt.tif,HTC-1-M7
img_07bb789_unalt.tif,LG-Nexus-5x
img_4a8dc9f_unalt.tif,HTC-1-M7
img_1f15e74_unalt.tif,Samsung-Galaxy-Note3
img_0f2f268_unalt.tif,iPhone-6
img_d0b2597_manip.tif,LG-Nexus-5x
img_7d9ca19_manip.tif,Motorola-Droid-Maxx
img_505c0ef_unalt.tif,iPhone-6
img_d45742f_manip.tif,Motorola-Nexus-6
img_932faf8_unalt.tif,Motorola-Nexus-6
img_83491b7_unalt.tif,LG-Nexus-5x
img_19a8b0b_manip.tif,HTC-1-M7
img_b599120_manip.tif,Samsung-Galaxy-Note3
img_c1477f5_unalt.tif,iPhone-4s
img_7451049_manip.tif,HTC-1-M7
img_eec66fc_manip.tif,Sony-NEX-7
img_b196e87_unalt.tif,iPhone-4s
img_e58abc0_manip.tif,Samsung-Galaxy-S4
img_5300cbc_manip.tif,Motorola-Droid-Maxx
img_2360f84_unalt.tif,HTC-1-M7
img_5731bc6_manip.tif,HTC-1-M7
img_fa4f818_manip.tif,Sony-NEX-7
img_c490364_manip.tif,iPhone-4s
img_b66a7a9_manip.tif,LG-Nexus-5x
img_c6bd39c_unalt.tif,iPhone-6
img_4af2b28_unalt.tif,iPhone-4s
img_57de015_manip.tif,iPhone-4s
img_de44aae_unalt.tif,iPhone-4s
img_c8af975_manip.tif,Samsung-Galaxy-Note3
img_2fe9c34_unalt.tif,Sony-NEX-7
img_c0b98fd_unalt.tif,Samsung-Galaxy-S4
img_4c26279_manip.tif,HTC-1-M7
img_9e7f769_unalt.tif,HTC-1-M7
img_a324c2c_unalt.tif,HTC-1-M7
img_119100d_unalt.tif,Samsung-Galaxy-S4
img_5c095ac_unalt.tif,HTC-1-M7
img_fd031b9_manip.tif,LG-Nexus-5x
img_a99a7c6_unalt.tif,iPhone-4s
img_9f4ea81_unalt.tif,Motorola-Nexus-6
img_6aa23d5_manip.tif,LG-Nexus-5x
img_0f7c5d5_unalt.tif,HTC-1-M7
